id,firstname,lastname,email,email2,profession,Field Name,Field Name
100,Juliane,Mandler,Juliane.Mandler@yopmail.com,Juliane.Mandler@gmail.com,developer,1,1
101,Jackie,Kaete,Jackie.Kaete@yopmail.com,Jackie.Kaete@gmail.com,firefighter,2,2
102,Kial,Toffic,Kial.Toffic@yopmail.com,Kial.Toffic@gmail.com,firefighter,3,3
103,Vivia,Chapland,Vivia.Chapland@yopmail.com,Vivia.Chapland@gmail.com,worker,4,4
104,Marika,Edison,Marika.Edison@yopmail.com,Marika.Edison@gmail.com,police officer,5,5
105,Robbi,Beebe,Robbi.Beebe@yopmail.com,Robbi.Beebe@gmail.com,developer,6,6
106,Cam,Francyne,Cam.Francyne@yopmail.com,Cam.Francyne@gmail.com,worker,7,7
107,Bobbi,Cath,Bobbi.Cath@yopmail.com,Bobbi.Cath@gmail.com,police officer,8,8
108,Kaja,Uund,Kaja.Uund@yopmail.com,Kaja.Uund@gmail.com,developer,9,9
109,Candi,Merell,Candi.Merell@yopmail.com,Candi.Merell@gmail.com,worker,10,10
110,Lelah,Wenoa,Lelah.Wenoa@yopmail.com,Lelah.Wenoa@gmail.com,worker,11,11
111,Emylee,Kenwood,Emylee.Kenwood@yopmail.com,Emylee.Kenwood@gmail.com,police officer,12,12
112,Cassandra,Sasnett,Cassandra.Sasnett@yopmail.com,Cassandra.Sasnett@gmail.com,worker,13,13
113,Priscilla,Natica,Priscilla.Natica@yopmail.com,Priscilla.Natica@gmail.com,worker,14,14
114,Noelle,Yam,Noelle.Yam@yopmail.com,Noelle.Yam@gmail.com,doctor,15,15
115,Mahalia,Roche,Mahalia.Roche@yopmail.com,Mahalia.Roche@gmail.com,firefighter,16,16
116,Carly,Liebermann,Carly.Liebermann@yopmail.com,Carly.Liebermann@gmail.com,worker,17,17
117,Ernesta,Gemini,Ernesta.Gemini@yopmail.com,Ernesta.Gemini@gmail.com,worker,18,18
118,Gerianna,Annabella,Gerianna.Annabella@yopmail.com,Gerianna.Annabella@gmail.com,firefighter,19,19
119,Nadine,Letsou,Nadine.Letsou@yopmail.com,Nadine.Letsou@gmail.com,police officer,20,20
120,Jean,Henebry,Jean.Henebry@yopmail.com,Jean.Henebry@gmail.com,worker,21,21
121,Rosanne,Gale,Rosanne.Gale@yopmail.com,Rosanne.Gale@gmail.com,developer,22,22
122,Sophia,Stoller,Sophia.Stoller@yopmail.com,Sophia.Stoller@gmail.com,developer,23,23
123,Malina,Heisel,Malina.Heisel@yopmail.com,Malina.Heisel@gmail.com,developer,24,24
124,Ermengarde,Garlinda,Ermengarde.Garlinda@yopmail.com,Ermengarde.Garlinda@gmail.com,developer,25,25
125,Laure,Even,Laure.Even@yopmail.com,Laure.Even@gmail.com,firefighter,26,26
126,Winifred,Dichy,Winifred.Dichy@yopmail.com,Winifred.Dichy@gmail.com,developer,27,27
127,Natka,Aprile,Natka.Aprile@yopmail.com,Natka.Aprile@gmail.com,doctor,28,28
128,Henriette,Kirstin,Henriette.Kirstin@yopmail.com,Henriette.Kirstin@gmail.com,worker,29,29
129,Jeanna,McLaughlin,Jeanna.McLaughlin@yopmail.com,Jeanna.McLaughlin@gmail.com,firefighter,30,30
130,Lynea,Hutchison,Lynea.Hutchison@yopmail.com,Lynea.Hutchison@gmail.com,worker,31,31
131,Shaine,Bach,Shaine.Bach@yopmail.com,Shaine.Bach@gmail.com,firefighter,32,32
132,Lory,Alwin,Lory.Alwin@yopmail.com,Lory.Alwin@gmail.com,doctor,33,33
133,Gaylene,Serilda,Gaylene.Serilda@yopmail.com,Gaylene.Serilda@gmail.com,police officer,34,34
134,Pamella,Robertson,Pamella.Robertson@yopmail.com,Pamella.Robertson@gmail.com,worker,35,35
135,Briney,Kristi,Briney.Kristi@yopmail.com,Briney.Kristi@gmail.com,firefighter,36,36
136,Janenna,Jehu,Janenna.Jehu@yopmail.com,Janenna.Jehu@gmail.com,firefighter,37,37
137,Genovera,Evangelia,Genovera.Evangelia@yopmail.com,Genovera.Evangelia@gmail.com,worker,38,38
138,Elora,Lipson,Elora.Lipson@yopmail.com,Elora.Lipson@gmail.com,doctor,39,39
139,Xylina,Nerita,Xylina.Nerita@yopmail.com,Xylina.Nerita@gmail.com,police officer,40,40
140,Candi,Mendez,Candi.Mendez@yopmail.com,Candi.Mendez@gmail.com,developer,41,41
141,Tiffie,Frendel,Tiffie.Frendel@yopmail.com,Tiffie.Frendel@gmail.com,firefighter,42,42
142,Therine,Ioab,Therine.Ioab@yopmail.com,Therine.Ioab@gmail.com,doctor,43,43
143,Elfreda,Pettiford,Elfreda.Pettiford@yopmail.com,Elfreda.Pettiford@gmail.com,firefighter,44,44
144,Suzette,Tamar,Suzette.Tamar@yopmail.com,Suzette.Tamar@gmail.com,worker,45,45
145,Etta,Gert,Etta.Gert@yopmail.com,Etta.Gert@gmail.com,police officer,46,46
146,Fanny,Diann,Fanny.Diann@yopmail.com,Fanny.Diann@gmail.com,developer,47,47
147,Sadie,Peg,Sadie.Peg@yopmail.com,Sadie.Peg@gmail.com,doctor,48,48
148,Yolane,Newell,Yolane.Newell@yopmail.com,Yolane.Newell@gmail.com,police officer,49,49
149,Pearline,McLaughlin,Pearline.McLaughlin@yopmail.com,Pearline.McLaughlin@gmail.com,doctor,50,50
150,Charlena,Jerald,Charlena.Jerald@yopmail.com,Charlena.Jerald@gmail.com,developer,51,51
151,Lanae,Skurnik,Lanae.Skurnik@yopmail.com,Lanae.Skurnik@gmail.com,developer,52,52
152,Dacia,Joachim,Dacia.Joachim@yopmail.com,Dacia.Joachim@gmail.com,police officer,53,53
153,Brana,Buckler,Brana.Buckler@yopmail.com,Brana.Buckler@gmail.com,police officer,54,54
154,Bettine,Flyn,Bettine.Flyn@yopmail.com,Bettine.Flyn@gmail.com,worker,55,55
155,Kathy,Woodberry,Kathy.Woodberry@yopmail.com,Kathy.Woodberry@gmail.com,worker,56,56
156,Ruthe,Marcellus,Ruthe.Marcellus@yopmail.com,Ruthe.Marcellus@gmail.com,doctor,57,57
157,Ericka,Bronk,Ericka.Bronk@yopmail.com,Ericka.Bronk@gmail.com,doctor,58,58
158,Adore,Bow,Adore.Bow@yopmail.com,Adore.Bow@gmail.com,doctor,59,59
159,Babita,Roscoe,Babita.Roscoe@yopmail.com,Babita.Roscoe@gmail.com,worker,60,60
160,Jenda,Socha,Jenda.Socha@yopmail.com,Jenda.Socha@gmail.com,developer,61,61
161,Barbi,O'Neill,Barbi.O'Neill@yopmail.com,Barbi.O'Neill@gmail.com,firefighter,62,62
162,Ellette,Ingra,Ellette.Ingra@yopmail.com,Ellette.Ingra@gmail.com,police officer,63,63
163,Georgetta,Gower,Georgetta.Gower@yopmail.com,Georgetta.Gower@gmail.com,police officer,64,64
164,Sean,Darbie,Sean.Darbie@yopmail.com,Sean.Darbie@gmail.com,firefighter,65,65
165,Melanie,Suk,Melanie.Suk@yopmail.com,Melanie.Suk@gmail.com,police officer,66,66
166,Lynnea,Wilona,Lynnea.Wilona@yopmail.com,Lynnea.Wilona@gmail.com,doctor,67,67
167,Dagmar,Eiser,Dagmar.Eiser@yopmail.com,Dagmar.Eiser@gmail.com,police officer,68,68
168,Jolyn,Curren,Jolyn.Curren@yopmail.com,Jolyn.Curren@gmail.com,worker,69,69
169,Kerrin,Hortensia,Kerrin.Hortensia@yopmail.com,Kerrin.Hortensia@gmail.com,firefighter,70,70
170,Marline,Kazimir,Marline.Kazimir@yopmail.com,Marline.Kazimir@gmail.com,police officer,71,71
171,Yolane,Harriman,Yolane.Harriman@yopmail.com,Yolane.Harriman@gmail.com,developer,72,72
172,Marylou,Holbrook,Marylou.Holbrook@yopmail.com,Marylou.Holbrook@gmail.com,worker,73,73
173,Madalyn,Lea,Madalyn.Lea@yopmail.com,Madalyn.Lea@gmail.com,doctor,74,74
174,Giustina,Lane,Giustina.Lane@yopmail.com,Giustina.Lane@gmail.com,police officer,75,75
175,Paule,Secrest,Paule.Secrest@yopmail.com,Paule.Secrest@gmail.com,police officer,76,76
176,Danika,Goldina,Danika.Goldina@yopmail.com,Danika.Goldina@gmail.com,developer,77,77
177,Jessy,Anastatius,Jessy.Anastatius@yopmail.com,Jessy.Anastatius@gmail.com,developer,78,78
178,Rayna,Kirbee,Rayna.Kirbee@yopmail.com,Rayna.Kirbee@gmail.com,police officer,79,79
179,Genevra,Strephon,Genevra.Strephon@yopmail.com,Genevra.Strephon@gmail.com,developer,80,80
180,Charissa,Narton,Charissa.Narton@yopmail.com,Charissa.Narton@gmail.com,doctor,81,81
181,Cassondra,Shaver,Cassondra.Shaver@yopmail.com,Cassondra.Shaver@gmail.com,doctor,82,82
182,Meghann,Bates,Meghann.Bates@yopmail.com,Meghann.Bates@gmail.com,doctor,83,83
183,Consuela,Pandolfi,Consuela.Pandolfi@yopmail.com,Consuela.Pandolfi@gmail.com,police officer,84,84
184,Raina,Rosemary,Raina.Rosemary@yopmail.com,Raina.Rosemary@gmail.com,police officer,85,85
185,Dione,Trace,Dione.Trace@yopmail.com,Dione.Trace@gmail.com,worker,86,86
186,Rosaline,Keelia,Rosaline.Keelia@yopmail.com,Rosaline.Keelia@gmail.com,police officer,87,87
187,Phedra,Roscoe,Phedra.Roscoe@yopmail.com,Phedra.Roscoe@gmail.com,doctor,88,88
188,Roslyn,Brunell,Roslyn.Brunell@yopmail.com,Roslyn.Brunell@gmail.com,police officer,89,89
189,Dede,Nerita,Dede.Nerita@yopmail.com,Dede.Nerita@gmail.com,developer,90,90
190,Gilda,Othilia,Gilda.Othilia@yopmail.com,Gilda.Othilia@gmail.com,developer,91,91
191,Verla,Fontana,Verla.Fontana@yopmail.com,Verla.Fontana@gmail.com,firefighter,92,92
192,Lexine,Nikaniki,Lexine.Nikaniki@yopmail.com,Lexine.Nikaniki@gmail.com,developer,93,93
193,Vere,Urania,Vere.Urania@yopmail.com,Vere.Urania@gmail.com,developer,94,94
194,Pollyanna,Ovid,Pollyanna.Ovid@yopmail.com,Pollyanna.Ovid@gmail.com,police officer,95,95
195,Kathy,Kalinda,Kathy.Kalinda@yopmail.com,Kathy.Kalinda@gmail.com,worker,96,96
196,Chrystel,Kinnard,Chrystel.Kinnard@yopmail.com,Chrystel.Kinnard@gmail.com,developer,97,97
197,Kittie,Maxi,Kittie.Maxi@yopmail.com,Kittie.Maxi@gmail.com,police officer,98,98
198,Sherrie,Lemuela,Sherrie.Lemuela@yopmail.com,Sherrie.Lemuela@gmail.com,worker,99,99
199,Aeriela,Romelda,Aeriela.Romelda@yopmail.com,Aeriela.Romelda@gmail.com,doctor,100,100
200,Luci,Elisha,Luci.Elisha@yopmail.com,Luci.Elisha@gmail.com,worker,101,101
201,Alyssa,Joeann,Alyssa.Joeann@yopmail.com,Alyssa.Joeann@gmail.com,police officer,102,102
202,Esmeralda,Bakerman,Esmeralda.Bakerman@yopmail.com,Esmeralda.Bakerman@gmail.com,police officer,103,103
203,Sallie,Karylin,Sallie.Karylin@yopmail.com,Sallie.Karylin@gmail.com,firefighter,104,104
204,Ginnie,Clara,Ginnie.Clara@yopmail.com,Ginnie.Clara@gmail.com,worker,105,105
205,Betta,Delp,Betta.Delp@yopmail.com,Betta.Delp@gmail.com,firefighter,106,106
206,Noelle,Lubin,Noelle.Lubin@yopmail.com,Noelle.Lubin@gmail.com,police officer,107,107
207,Nita,Gwenore,Nita.Gwenore@yopmail.com,Nita.Gwenore@gmail.com,firefighter,108,108
208,Lita,Buttaro,Lita.Buttaro@yopmail.com,Lita.Buttaro@gmail.com,developer,109,109
209,Eadie,Lareena,Eadie.Lareena@yopmail.com,Eadie.Lareena@gmail.com,doctor,110,110
210,Beth,Georgy,Beth.Georgy@yopmail.com,Beth.Georgy@gmail.com,worker,111,111
211,Clarice,Kenwood,Clarice.Kenwood@yopmail.com,Clarice.Kenwood@gmail.com,firefighter,112,112
212,Lizzie,Yerkovich,Lizzie.Yerkovich@yopmail.com,Lizzie.Yerkovich@gmail.com,doctor,113,113
213,Andeee,Gale,Andeee.Gale@yopmail.com,Andeee.Gale@gmail.com,developer,114,114
214,Lanna,Isacco,Lanna.Isacco@yopmail.com,Lanna.Isacco@gmail.com,developer,115,115
215,Laurene,Tarrant,Laurene.Tarrant@yopmail.com,Laurene.Tarrant@gmail.com,firefighter,116,116
216,Nadine,Darbie,Nadine.Darbie@yopmail.com,Nadine.Darbie@gmail.com,developer,117,117
217,Mureil,Byrne,Mureil.Byrne@yopmail.com,Mureil.Byrne@gmail.com,developer,118,118
218,Melisent,Hachmin,Melisent.Hachmin@yopmail.com,Melisent.Hachmin@gmail.com,police officer,119,119
219,Leeanne,Stoller,Leeanne.Stoller@yopmail.com,Leeanne.Stoller@gmail.com,doctor,120,120
220,Nariko,Chesna,Nariko.Chesna@yopmail.com,Nariko.Chesna@gmail.com,doctor,121,121
221,Camile,Tremayne,Camile.Tremayne@yopmail.com,Camile.Tremayne@gmail.com,worker,122,122
222,Maridel,Suanne,Maridel.Suanne@yopmail.com,Maridel.Suanne@gmail.com,firefighter,123,123
223,Adele,Wind,Adele.Wind@yopmail.com,Adele.Wind@gmail.com,worker,124,124
224,Eolanda,Zachary,Eolanda.Zachary@yopmail.com,Eolanda.Zachary@gmail.com,firefighter,125,125
225,Ernesta,Arathorn,Ernesta.Arathorn@yopmail.com,Ernesta.Arathorn@gmail.com,worker,126,126
226,Glenda,Gordon,Glenda.Gordon@yopmail.com,Glenda.Gordon@gmail.com,worker,127,127
227,Tonia,McAdams,Tonia.McAdams@yopmail.com,Tonia.McAdams@gmail.com,firefighter,128,128
228,Caressa,Reinke,Caressa.Reinke@yopmail.com,Caressa.Reinke@gmail.com,police officer,129,129
229,Margarette,Jethro,Margarette.Jethro@yopmail.com,Margarette.Jethro@gmail.com,doctor,130,130
230,Atlanta,Gabrielli,Atlanta.Gabrielli@yopmail.com,Atlanta.Gabrielli@gmail.com,firefighter,131,131
231,Tiffie,Daegal,Tiffie.Daegal@yopmail.com,Tiffie.Daegal@gmail.com,firefighter,132,132
232,Ayn,Old,Ayn.Old@yopmail.com,Ayn.Old@gmail.com,firefighter,133,133
233,Marcy,Tacye,Marcy.Tacye@yopmail.com,Marcy.Tacye@gmail.com,developer,134,134
234,Wendi,Garrison,Wendi.Garrison@yopmail.com,Wendi.Garrison@gmail.com,police officer,135,135
235,Karolina,Florina,Karolina.Florina@yopmail.com,Karolina.Florina@gmail.com,doctor,136,136
236,Collen,Thilda,Collen.Thilda@yopmail.com,Collen.Thilda@gmail.com,firefighter,137,137
237,Gilligan,McAdams,Gilligan.McAdams@yopmail.com,Gilligan.McAdams@gmail.com,doctor,138,138
238,Charlena,Gibbeon,Charlena.Gibbeon@yopmail.com,Charlena.Gibbeon@gmail.com,worker,139,139
239,Juliane,Karl,Juliane.Karl@yopmail.com,Juliane.Karl@gmail.com,firefighter,140,140
240,Gerrie,Engdahl,Gerrie.Engdahl@yopmail.com,Gerrie.Engdahl@gmail.com,worker,141,141
241,Aurelie,Mott,Aurelie.Mott@yopmail.com,Aurelie.Mott@gmail.com,worker,142,142
242,Carree,Yam,Carree.Yam@yopmail.com,Carree.Yam@gmail.com,developer,143,143
243,Modestia,Wilkinson,Modestia.Wilkinson@yopmail.com,Modestia.Wilkinson@gmail.com,worker,144,144
244,Danny,Raama,Danny.Raama@yopmail.com,Danny.Raama@gmail.com,firefighter,145,145
245,Ketti,Anestassia,Ketti.Anestassia@yopmail.com,Ketti.Anestassia@gmail.com,police officer,146,146
246,Johna,Jeanne,Johna.Jeanne@yopmail.com,Johna.Jeanne@gmail.com,worker,147,147
247,Raf,Shanley,Raf.Shanley@yopmail.com,Raf.Shanley@gmail.com,worker,148,148
248,Konstance,Mata,Konstance.Mata@yopmail.com,Konstance.Mata@gmail.com,worker,149,149
249,Marinna,Sophronia,Marinna.Sophronia@yopmail.com,Marinna.Sophronia@gmail.com,firefighter,150,150
250,Georgetta,Holtz,Georgetta.Holtz@yopmail.com,Georgetta.Holtz@gmail.com,worker,151,151
251,Dulce,Bach,Dulce.Bach@yopmail.com,Dulce.Bach@gmail.com,worker,152,152
252,Marnia,Plato,Marnia.Plato@yopmail.com,Marnia.Plato@gmail.com,firefighter,153,153
253,Lacie,Carleen,Lacie.Carleen@yopmail.com,Lacie.Carleen@gmail.com,firefighter,154,154
254,Leeanne,Skell,Leeanne.Skell@yopmail.com,Leeanne.Skell@gmail.com,doctor,155,155
255,Susan,Seligman,Susan.Seligman@yopmail.com,Susan.Seligman@gmail.com,police officer,156,156
256,Kenna,Morgun,Kenna.Morgun@yopmail.com,Kenna.Morgun@gmail.com,developer,157,157
257,Kristina,Flita,Kristina.Flita@yopmail.com,Kristina.Flita@gmail.com,developer,158,158
258,Jenda,Sholley,Jenda.Sholley@yopmail.com,Jenda.Sholley@gmail.com,doctor,159,159
259,Bobbi,Dichy,Bobbi.Dichy@yopmail.com,Bobbi.Dichy@gmail.com,developer,160,160
260,Jan,Jacinda,Jan.Jacinda@yopmail.com,Jan.Jacinda@gmail.com,developer,161,161
261,Jordan,Grobe,Jordan.Grobe@yopmail.com,Jordan.Grobe@gmail.com,worker,162,162
262,Carmencita,Durante,Carmencita.Durante@yopmail.com,Carmencita.Durante@gmail.com,developer,163,163
263,Aigneis,Rossner,Aigneis.Rossner@yopmail.com,Aigneis.Rossner@gmail.com,developer,164,164
264,Wynne,Zitvaa,Wynne.Zitvaa@yopmail.com,Wynne.Zitvaa@gmail.com,doctor,165,165
265,Jany,Couture,Jany.Couture@yopmail.com,Jany.Couture@gmail.com,police officer,166,166
266,Blondelle,Nedrud,Blondelle.Nedrud@yopmail.com,Blondelle.Nedrud@gmail.com,firefighter,167,167
267,Marti,Berard,Marti.Berard@yopmail.com,Marti.Berard@gmail.com,doctor,168,168
268,Doro,Loeb,Doro.Loeb@yopmail.com,Doro.Loeb@gmail.com,developer,169,169
269,Nickie,Joseph,Nickie.Joseph@yopmail.com,Nickie.Joseph@gmail.com,doctor,170,170
270,Zia,Bury,Zia.Bury@yopmail.com,Zia.Bury@gmail.com,worker,171,171
271,Gavrielle,Brodench,Gavrielle.Brodench@yopmail.com,Gavrielle.Brodench@gmail.com,doctor,172,172
272,Elyssa,Cimbura,Elyssa.Cimbura@yopmail.com,Elyssa.Cimbura@gmail.com,police officer,173,173
273,Hildegaard,Remmer,Hildegaard.Remmer@yopmail.com,Hildegaard.Remmer@gmail.com,doctor,174,174
274,Melodie,Ezar,Melodie.Ezar@yopmail.com,Melodie.Ezar@gmail.com,worker,175,175
275,Sissy,Yam,Sissy.Yam@yopmail.com,Sissy.Yam@gmail.com,developer,176,176
276,Ilse,Marisa,Ilse.Marisa@yopmail.com,Ilse.Marisa@gmail.com,doctor,177,177
277,Pearline,Loleta,Pearline.Loleta@yopmail.com,Pearline.Loleta@gmail.com,police officer,178,178
278,Flory,Maurine,Flory.Maurine@yopmail.com,Flory.Maurine@gmail.com,doctor,179,179
279,Albertina,Tice,Albertina.Tice@yopmail.com,Albertina.Tice@gmail.com,developer,180,180
280,Charmaine,Ezar,Charmaine.Ezar@yopmail.com,Charmaine.Ezar@gmail.com,firefighter,181,181
281,Marnia,Montgomery,Marnia.Montgomery@yopmail.com,Marnia.Montgomery@gmail.com,worker,182,182
282,Ardenia,Connelly,Ardenia.Connelly@yopmail.com,Ardenia.Connelly@gmail.com,worker,183,183
283,Lisette,Estella,Lisette.Estella@yopmail.com,Lisette.Estella@gmail.com,worker,184,184
284,Viviene,Land,Viviene.Land@yopmail.com,Viviene.Land@gmail.com,developer,185,185
285,Cathie,Merell,Cathie.Merell@yopmail.com,Cathie.Merell@gmail.com,firefighter,186,186
286,Joelly,Mathilde,Joelly.Mathilde@yopmail.com,Joelly.Mathilde@gmail.com,police officer,187,187
287,Joceline,Socha,Joceline.Socha@yopmail.com,Joceline.Socha@gmail.com,worker,188,188
288,Elena,Lunsford,Elena.Lunsford@yopmail.com,Elena.Lunsford@gmail.com,doctor,189,189
289,Jessamyn,Bultman,Jessamyn.Bultman@yopmail.com,Jessamyn.Bultman@gmail.com,developer,190,190
290,Eugine,Presber,Eugine.Presber@yopmail.com,Eugine.Presber@gmail.com,police officer,191,191
291,Nanete,Libna,Nanete.Libna@yopmail.com,Nanete.Libna@gmail.com,police officer,192,192
292,Flo,Telfer,Flo.Telfer@yopmail.com,Flo.Telfer@gmail.com,worker,193,193
293,Tatiania,Chobot,Tatiania.Chobot@yopmail.com,Tatiania.Chobot@gmail.com,police officer,194,194
294,Riannon,Vorster,Riannon.Vorster@yopmail.com,Riannon.Vorster@gmail.com,developer,195,195
295,Georgetta,Ortrude,Georgetta.Ortrude@yopmail.com,Georgetta.Ortrude@gmail.com,worker,196,196
296,Pierette,Vanni,Pierette.Vanni@yopmail.com,Pierette.Vanni@gmail.com,developer,197,197
297,Joceline,Clarissa,Joceline.Clarissa@yopmail.com,Joceline.Clarissa@gmail.com,doctor,198,198
298,Blinni,Radu,Blinni.Radu@yopmail.com,Blinni.Radu@gmail.com,firefighter,199,199
299,Lory,Hubert,Lory.Hubert@yopmail.com,Lory.Hubert@gmail.com,police officer,200,200
300,Rubie,Meter,Rubie.Meter@yopmail.com,Rubie.Meter@gmail.com,developer,201,201
301,Karolina,Bates,Karolina.Bates@yopmail.com,Karolina.Bates@gmail.com,developer,202,202
302,Iseabal,Madelene,Iseabal.Madelene@yopmail.com,Iseabal.Madelene@gmail.com,worker,203,203
303,Joeann,Kat,Joeann.Kat@yopmail.com,Joeann.Kat@gmail.com,doctor,204,204
304,Fanny,Vittoria,Fanny.Vittoria@yopmail.com,Fanny.Vittoria@gmail.com,doctor,205,205
305,Allis,Fontana,Allis.Fontana@yopmail.com,Allis.Fontana@gmail.com,firefighter,206,206
306,Caritta,Sibyls,Caritta.Sibyls@yopmail.com,Caritta.Sibyls@gmail.com,police officer,207,207
307,Dulcinea,Lesley,Dulcinea.Lesley@yopmail.com,Dulcinea.Lesley@gmail.com,firefighter,208,208
308,Coral,Plato,Coral.Plato@yopmail.com,Coral.Plato@gmail.com,police officer,209,209
309,Jenilee,Edison,Jenilee.Edison@yopmail.com,Jenilee.Edison@gmail.com,worker,210,210
310,Tamqrah,Prouty,Tamqrah.Prouty@yopmail.com,Tamqrah.Prouty@gmail.com,doctor,211,211
311,Aeriela,Barbey,Aeriela.Barbey@yopmail.com,Aeriela.Barbey@gmail.com,doctor,212,212
312,Maurene,Dudley,Maurene.Dudley@yopmail.com,Maurene.Dudley@gmail.com,worker,213,213
313,Susette,Torray,Susette.Torray@yopmail.com,Susette.Torray@gmail.com,firefighter,214,214
314,Andree,Artie,Andree.Artie@yopmail.com,Andree.Artie@gmail.com,worker,215,215
315,Adelle,Melony,Adelle.Melony@yopmail.com,Adelle.Melony@gmail.com,doctor,216,216
316,Frances,McClimans,Frances.McClimans@yopmail.com,Frances.McClimans@gmail.com,worker,217,217
317,Florencia,Mendez,Florencia.Mendez@yopmail.com,Florencia.Mendez@gmail.com,worker,218,218
318,Vita,Burkle,Vita.Burkle@yopmail.com,Vita.Burkle@gmail.com,doctor,219,219
319,Lynea,Hertzfeld,Lynea.Hertzfeld@yopmail.com,Lynea.Hertzfeld@gmail.com,worker,220,220
320,Leanna,Lissi,Leanna.Lissi@yopmail.com,Leanna.Lissi@gmail.com,firefighter,221,221
321,Adelle,Clarissa,Adelle.Clarissa@yopmail.com,Adelle.Clarissa@gmail.com,police officer,222,222
322,Amii,Love,Amii.Love@yopmail.com,Amii.Love@gmail.com,developer,223,223
323,Jere,Dowski,Jere.Dowski@yopmail.com,Jere.Dowski@gmail.com,developer,224,224
324,Rozele,Auberbach,Rozele.Auberbach@yopmail.com,Rozele.Auberbach@gmail.com,worker,225,225
325,Nariko,Therine,Nariko.Therine@yopmail.com,Nariko.Therine@gmail.com,developer,226,226
326,Sibella,Suzetta,Sibella.Suzetta@yopmail.com,Sibella.Suzetta@gmail.com,firefighter,227,227
327,Korrie,Ahab,Korrie.Ahab@yopmail.com,Korrie.Ahab@gmail.com,developer,228,228
328,Odessa,Konyn,Odessa.Konyn@yopmail.com,Odessa.Konyn@gmail.com,developer,229,229
329,Danny,Jeanne,Danny.Jeanne@yopmail.com,Danny.Jeanne@gmail.com,developer,230,230
330,Nadine,Clarissa,Nadine.Clarissa@yopmail.com,Nadine.Clarissa@gmail.com,developer,231,231
331,Nikki,Rurik,Nikki.Rurik@yopmail.com,Nikki.Rurik@gmail.com,firefighter,232,232
332,Joane,Yoko,Joane.Yoko@yopmail.com,Joane.Yoko@gmail.com,worker,233,233
333,Zondra,Milson,Zondra.Milson@yopmail.com,Zondra.Milson@gmail.com,police officer,234,234
334,Viviene,O'Carroll,Viviene.O'Carroll@yopmail.com,Viviene.O'Carroll@gmail.com,police officer,235,235
335,Lacie,Bonilla,Lacie.Bonilla@yopmail.com,Lacie.Bonilla@gmail.com,police officer,236,236
336,Emylee,Billye,Emylee.Billye@yopmail.com,Emylee.Billye@gmail.com,doctor,237,237
337,Violet,Annabella,Violet.Annabella@yopmail.com,Violet.Annabella@gmail.com,worker,238,238
338,Christal,Emerson,Christal.Emerson@yopmail.com,Christal.Emerson@gmail.com,doctor,239,239
339,Misha,Trey,Misha.Trey@yopmail.com,Misha.Trey@gmail.com,developer,240,240
340,Cassandra,Denis,Cassandra.Denis@yopmail.com,Cassandra.Denis@gmail.com,developer,241,241
341,Jennica,Charity,Jennica.Charity@yopmail.com,Jennica.Charity@gmail.com,police officer,242,242
342,Kelly,Grayce,Kelly.Grayce@yopmail.com,Kelly.Grayce@gmail.com,firefighter,243,243
343,Silvana,Margarete,Silvana.Margarete@yopmail.com,Silvana.Margarete@gmail.com,firefighter,244,244
344,Dennie,Ball,Dennie.Ball@yopmail.com,Dennie.Ball@gmail.com,developer,245,245
345,Ethel,Brackely,Ethel.Brackely@yopmail.com,Ethel.Brackely@gmail.com,worker,246,246
346,Carmencita,Gaulin,Carmencita.Gaulin@yopmail.com,Carmencita.Gaulin@gmail.com,doctor,247,247
347,Dawn,Vernier,Dawn.Vernier@yopmail.com,Dawn.Vernier@gmail.com,firefighter,248,248
348,Kathy,Gaal,Kathy.Gaal@yopmail.com,Kathy.Gaal@gmail.com,worker,249,249
349,Adelle,Lamoree,Adelle.Lamoree@yopmail.com,Adelle.Lamoree@gmail.com,firefighter,250,250
350,Shaylyn,Papageno,Shaylyn.Papageno@yopmail.com,Shaylyn.Papageno@gmail.com,police officer,251,251
351,Cristabel,Concha,Cristabel.Concha@yopmail.com,Cristabel.Concha@gmail.com,firefighter,252,252
352,Madalyn,Gaulin,Madalyn.Gaulin@yopmail.com,Madalyn.Gaulin@gmail.com,doctor,253,253
353,Suzette,Ezar,Suzette.Ezar@yopmail.com,Suzette.Ezar@gmail.com,police officer,254,254
354,Dode,Lauraine,Dode.Lauraine@yopmail.com,Dode.Lauraine@gmail.com,police officer,255,255
355,Mureil,Milde,Mureil.Milde@yopmail.com,Mureil.Milde@gmail.com,doctor,256,256
356,Kalina,Munn,Kalina.Munn@yopmail.com,Kalina.Munn@gmail.com,doctor,257,257
357,Anthia,Secrest,Anthia.Secrest@yopmail.com,Anthia.Secrest@gmail.com,police officer,258,258
358,Briney,Meter,Briney.Meter@yopmail.com,Briney.Meter@gmail.com,firefighter,259,259
359,Sindee,Gerge,Sindee.Gerge@yopmail.com,Sindee.Gerge@gmail.com,worker,260,260
360,Karina,Flyn,Karina.Flyn@yopmail.com,Karina.Flyn@gmail.com,worker,261,261
361,Cherilyn,Shirberg,Cherilyn.Shirberg@yopmail.com,Cherilyn.Shirberg@gmail.com,developer,262,262
362,Talya,Uund,Talya.Uund@yopmail.com,Talya.Uund@gmail.com,doctor,263,263
363,Bernie,Robertson,Bernie.Robertson@yopmail.com,Bernie.Robertson@gmail.com,developer,264,264
364,Ann-Marie,Barrus,Ann-Marie.Barrus@yopmail.com,Ann-Marie.Barrus@gmail.com,developer,265,265
365,Lilith,Grobe,Lilith.Grobe@yopmail.com,Lilith.Grobe@gmail.com,developer,266,266
366,Giustina,Taam,Giustina.Taam@yopmail.com,Giustina.Taam@gmail.com,developer,267,267
367,Lucille,O'Carroll,Lucille.O'Carroll@yopmail.com,Lucille.O'Carroll@gmail.com,developer,268,268
368,Selma,Celestine,Selma.Celestine@yopmail.com,Selma.Celestine@gmail.com,firefighter,269,269
369,Philis,Nadia,Philis.Nadia@yopmail.com,Philis.Nadia@gmail.com,police officer,270,270
370,Cacilie,Bertold,Cacilie.Bertold@yopmail.com,Cacilie.Bertold@gmail.com,doctor,271,271
371,Daune,Alfons,Daune.Alfons@yopmail.com,Daune.Alfons@gmail.com,developer,272,272
372,Beatriz,Berard,Beatriz.Berard@yopmail.com,Beatriz.Berard@gmail.com,worker,273,273
373,Drucie,Neva,Drucie.Neva@yopmail.com,Drucie.Neva@gmail.com,doctor,274,274
374,Robbi,Justinn,Robbi.Justinn@yopmail.com,Robbi.Justinn@gmail.com,worker,275,275
375,Lily,Charmine,Lily.Charmine@yopmail.com,Lily.Charmine@gmail.com,firefighter,276,276
376,Ilse,Delp,Ilse.Delp@yopmail.com,Ilse.Delp@gmail.com,police officer,277,277
377,Corene,O'Carroll,Corene.O'Carroll@yopmail.com,Corene.O'Carroll@gmail.com,doctor,278,278
378,Edith,Madox,Edith.Madox@yopmail.com,Edith.Madox@gmail.com,developer,279,279
379,Kathy,Stuart,Kathy.Stuart@yopmail.com,Kathy.Stuart@gmail.com,developer,280,280
380,Chloris,Charmine,Chloris.Charmine@yopmail.com,Chloris.Charmine@gmail.com,doctor,281,281
381,Daphne,Hailee,Daphne.Hailee@yopmail.com,Daphne.Hailee@gmail.com,developer,282,282
382,Tressa,Seessel,Tressa.Seessel@yopmail.com,Tressa.Seessel@gmail.com,police officer,283,283
383,Nyssa,Llovera,Nyssa.Llovera@yopmail.com,Nyssa.Llovera@gmail.com,worker,284,284
384,Marcelline,Thad,Marcelline.Thad@yopmail.com,Marcelline.Thad@gmail.com,developer,285,285
385,Sheree,Weitman,Sheree.Weitman@yopmail.com,Sheree.Weitman@gmail.com,doctor,286,286
386,Viviene,Weide,Viviene.Weide@yopmail.com,Viviene.Weide@gmail.com,police officer,287,287
387,Tamqrah,Septima,Tamqrah.Septima@yopmail.com,Tamqrah.Septima@gmail.com,firefighter,288,288
388,Wileen,Uird,Wileen.Uird@yopmail.com,Wileen.Uird@gmail.com,developer,289,289
389,Gwenneth,Melony,Gwenneth.Melony@yopmail.com,Gwenneth.Melony@gmail.com,developer,290,290
390,Molli,Afton,Molli.Afton@yopmail.com,Molli.Afton@gmail.com,police officer,291,291
391,Jean,Rolf,Jean.Rolf@yopmail.com,Jean.Rolf@gmail.com,police officer,292,292
392,Adriana,Simmonds,Adriana.Simmonds@yopmail.com,Adriana.Simmonds@gmail.com,police officer,293,293
393,Atlanta,Catie,Atlanta.Catie@yopmail.com,Atlanta.Catie@gmail.com,developer,294,294
394,Donetta,Bluh,Donetta.Bluh@yopmail.com,Donetta.Bluh@gmail.com,police officer,295,295
395,Ileana,Nikaniki,Ileana.Nikaniki@yopmail.com,Ileana.Nikaniki@gmail.com,developer,296,296
396,Wileen,Decato,Wileen.Decato@yopmail.com,Wileen.Decato@gmail.com,doctor,297,297
397,Brynna,Thornburg,Brynna.Thornburg@yopmail.com,Brynna.Thornburg@gmail.com,developer,298,298
398,Xylina,Morgun,Xylina.Morgun@yopmail.com,Xylina.Morgun@gmail.com,developer,299,299
399,Rozele,Dowski,Rozele.Dowski@yopmail.com,Rozele.Dowski@gmail.com,worker,300,300
400,Demetris,Franza,Demetris.Franza@yopmail.com,Demetris.Franza@gmail.com,doctor,301,301
401,Theodora,Pearse,Theodora.Pearse@yopmail.com,Theodora.Pearse@gmail.com,developer,302,302
402,Moyna,Tybald,Moyna.Tybald@yopmail.com,Moyna.Tybald@gmail.com,worker,303,303
403,Hildegaard,Rhu,Hildegaard.Rhu@yopmail.com,Hildegaard.Rhu@gmail.com,firefighter,304,304
404,Binny,Bryna,Binny.Bryna@yopmail.com,Binny.Bryna@gmail.com,doctor,305,305
405,Judy,Linehan,Judy.Linehan@yopmail.com,Judy.Linehan@gmail.com,police officer,306,306
406,Atlanta,Faust,Atlanta.Faust@yopmail.com,Atlanta.Faust@gmail.com,developer,307,307
407,Donnie,Laurianne,Donnie.Laurianne@yopmail.com,Donnie.Laurianne@gmail.com,doctor,308,308
408,Ruthe,Ochs,Ruthe.Ochs@yopmail.com,Ruthe.Ochs@gmail.com,doctor,309,309
409,Justinn,Kaja,Justinn.Kaja@yopmail.com,Justinn.Kaja@gmail.com,worker,310,310
410,Corina,Fiann,Corina.Fiann@yopmail.com,Corina.Fiann@gmail.com,worker,311,311
411,Shaylyn,Charity,Shaylyn.Charity@yopmail.com,Shaylyn.Charity@gmail.com,police officer,312,312
412,Elmira,Chem,Elmira.Chem@yopmail.com,Elmira.Chem@gmail.com,firefighter,313,313
413,Aryn,Margarete,Aryn.Margarete@yopmail.com,Aryn.Margarete@gmail.com,developer,314,314
414,Cathie,Elisha,Cathie.Elisha@yopmail.com,Cathie.Elisha@gmail.com,worker,315,315
415,Orelia,Jorgan,Orelia.Jorgan@yopmail.com,Orelia.Jorgan@gmail.com,police officer,316,316
416,Pollyanna,Philoo,Pollyanna.Philoo@yopmail.com,Pollyanna.Philoo@gmail.com,police officer,317,317
417,Barbara,Boehike,Barbara.Boehike@yopmail.com,Barbara.Boehike@gmail.com,doctor,318,318
418,Amii,Telfer,Amii.Telfer@yopmail.com,Amii.Telfer@gmail.com,doctor,319,319
419,Hermione,August,Hermione.August@yopmail.com,Hermione.August@gmail.com,police officer,320,320
420,Sybille,Barbey,Sybille.Barbey@yopmail.com,Sybille.Barbey@gmail.com,police officer,321,321
421,Emylee,Euridice,Emylee.Euridice@yopmail.com,Emylee.Euridice@gmail.com,firefighter,322,322
422,Ketti,Angelis,Ketti.Angelis@yopmail.com,Ketti.Angelis@gmail.com,worker,323,323
423,Chickie,Erminia,Chickie.Erminia@yopmail.com,Chickie.Erminia@gmail.com,police officer,324,324
424,Alejandra,Whittaker,Alejandra.Whittaker@yopmail.com,Alejandra.Whittaker@gmail.com,police officer,325,325
425,Julieta,Rogerio,Julieta.Rogerio@yopmail.com,Julieta.Rogerio@gmail.com,doctor,326,326
426,Wanda,Larochelle,Wanda.Larochelle@yopmail.com,Wanda.Larochelle@gmail.com,police officer,327,327
427,Riannon,Colleen,Riannon.Colleen@yopmail.com,Riannon.Colleen@gmail.com,police officer,328,328
428,Lyssa,Billye,Lyssa.Billye@yopmail.com,Lyssa.Billye@gmail.com,doctor,329,329
429,Rhea,Ferino,Rhea.Ferino@yopmail.com,Rhea.Ferino@gmail.com,developer,330,330
430,Elmira,Weinreb,Elmira.Weinreb@yopmail.com,Elmira.Weinreb@gmail.com,firefighter,331,331
431,Maisey,Pandolfi,Maisey.Pandolfi@yopmail.com,Maisey.Pandolfi@gmail.com,developer,332,332
432,Dania,Goerke,Dania.Goerke@yopmail.com,Dania.Goerke@gmail.com,firefighter,333,333
433,Dominga,Azeria,Dominga.Azeria@yopmail.com,Dominga.Azeria@gmail.com,firefighter,334,334
434,Frances,Sallyann,Frances.Sallyann@yopmail.com,Frances.Sallyann@gmail.com,firefighter,335,335
435,Nickie,Ruvolo,Nickie.Ruvolo@yopmail.com,Nickie.Ruvolo@gmail.com,worker,336,336
436,Letizia,Emerson,Letizia.Emerson@yopmail.com,Letizia.Emerson@gmail.com,doctor,337,337
437,Marylou,Juliet,Marylou.Juliet@yopmail.com,Marylou.Juliet@gmail.com,doctor,338,338
438,Gwyneth,Maryanne,Gwyneth.Maryanne@yopmail.com,Gwyneth.Maryanne@gmail.com,firefighter,339,339
439,Ashlee,Horan,Ashlee.Horan@yopmail.com,Ashlee.Horan@gmail.com,police officer,340,340
440,Angelique,Allina,Angelique.Allina@yopmail.com,Angelique.Allina@gmail.com,police officer,341,341
441,Almeta,Estella,Almeta.Estella@yopmail.com,Almeta.Estella@gmail.com,doctor,342,342
442,Nicoli,Linskey,Nicoli.Linskey@yopmail.com,Nicoli.Linskey@gmail.com,firefighter,343,343
443,Nanete,Naashom,Nanete.Naashom@yopmail.com,Nanete.Naashom@gmail.com,police officer,344,344
444,Phylis,Hurley,Phylis.Hurley@yopmail.com,Phylis.Hurley@gmail.com,police officer,345,345
445,Willetta,Cookie,Willetta.Cookie@yopmail.com,Willetta.Cookie@gmail.com,developer,346,346
446,Kristina,Heidt,Kristina.Heidt@yopmail.com,Kristina.Heidt@gmail.com,police officer,347,347
447,Blake,Pulsifer,Blake.Pulsifer@yopmail.com,Blake.Pulsifer@gmail.com,doctor,348,348
448,Desirae,Adrienne,Desirae.Adrienne@yopmail.com,Desirae.Adrienne@gmail.com,doctor,349,349
449,Kimmy,Fry,Kimmy.Fry@yopmail.com,Kimmy.Fry@gmail.com,doctor,350,350
450,Joelly,Dermott,Joelly.Dermott@yopmail.com,Joelly.Dermott@gmail.com,worker,351,351
451,Wileen,Atonsah,Wileen.Atonsah@yopmail.com,Wileen.Atonsah@gmail.com,doctor,352,352
452,Chastity,Erminia,Chastity.Erminia@yopmail.com,Chastity.Erminia@gmail.com,developer,353,353
453,Althea,Edmund,Althea.Edmund@yopmail.com,Althea.Edmund@gmail.com,police officer,354,354
454,Oona,Albertine,Oona.Albertine@yopmail.com,Oona.Albertine@gmail.com,police officer,355,355
455,Gwenneth,Ciapas,Gwenneth.Ciapas@yopmail.com,Gwenneth.Ciapas@gmail.com,firefighter,356,356
456,Vevay,Dorcy,Vevay.Dorcy@yopmail.com,Vevay.Dorcy@gmail.com,doctor,357,357
457,Chickie,Virgin,Chickie.Virgin@yopmail.com,Chickie.Virgin@gmail.com,doctor,358,358
458,Maud,Fredi,Maud.Fredi@yopmail.com,Maud.Fredi@gmail.com,doctor,359,359
459,Doro,Lattie,Doro.Lattie@yopmail.com,Doro.Lattie@gmail.com,police officer,360,360
460,Tami,Levey,Tami.Levey@yopmail.com,Tami.Levey@gmail.com,police officer,361,361
461,Tressa,Cristi,Tressa.Cristi@yopmail.com,Tressa.Cristi@gmail.com,worker,362,362
462,Cathyleen,Winthorpe,Cathyleen.Winthorpe@yopmail.com,Cathyleen.Winthorpe@gmail.com,developer,363,363
463,Isa,Felizio,Isa.Felizio@yopmail.com,Isa.Felizio@gmail.com,police officer,364,364
464,Yolane,Prouty,Yolane.Prouty@yopmail.com,Yolane.Prouty@gmail.com,police officer,365,365
465,Viviene,Nicoline,Viviene.Nicoline@yopmail.com,Viviene.Nicoline@gmail.com,firefighter,366,366
466,Aeriela,Sheedy,Aeriela.Sheedy@yopmail.com,Aeriela.Sheedy@gmail.com,firefighter,367,367
467,Elka,Syd,Elka.Syd@yopmail.com,Elka.Syd@gmail.com,doctor,368,368
468,Magdalena,Gahl,Magdalena.Gahl@yopmail.com,Magdalena.Gahl@gmail.com,doctor,369,369
469,Marinna,Scammon,Marinna.Scammon@yopmail.com,Marinna.Scammon@gmail.com,firefighter,370,370
470,Dyann,Aurelio,Dyann.Aurelio@yopmail.com,Dyann.Aurelio@gmail.com,firefighter,371,371
471,Gaylene,Liva,Gaylene.Liva@yopmail.com,Gaylene.Liva@gmail.com,firefighter,372,372
472,Ermengarde,Fry,Ermengarde.Fry@yopmail.com,Ermengarde.Fry@gmail.com,doctor,373,373
473,Emmey,Delacourt,Emmey.Delacourt@yopmail.com,Emmey.Delacourt@gmail.com,worker,374,374
474,Tomasina,Trey,Tomasina.Trey@yopmail.com,Tomasina.Trey@gmail.com,developer,375,375
475,Tonia,Salchunas,Tonia.Salchunas@yopmail.com,Tonia.Salchunas@gmail.com,police officer,376,376
476,Eadie,Trey,Eadie.Trey@yopmail.com,Eadie.Trey@gmail.com,police officer,377,377
477,Madelle,Trinetta,Madelle.Trinetta@yopmail.com,Madelle.Trinetta@gmail.com,police officer,378,378
478,Althea,Lilybelle,Althea.Lilybelle@yopmail.com,Althea.Lilybelle@gmail.com,firefighter,379,379
479,Chere,Ackerley,Chere.Ackerley@yopmail.com,Chere.Ackerley@gmail.com,developer,380,380
480,Mahalia,Hoenack,Mahalia.Hoenack@yopmail.com,Mahalia.Hoenack@gmail.com,police officer,381,381
481,Deane,Sibyls,Deane.Sibyls@yopmail.com,Deane.Sibyls@gmail.com,police officer,382,382
482,Sibella,Ochs,Sibella.Ochs@yopmail.com,Sibella.Ochs@gmail.com,doctor,383,383
483,Fredericka,Allys,Fredericka.Allys@yopmail.com,Fredericka.Allys@gmail.com,firefighter,384,384
484,Phylis,Elbertina,Phylis.Elbertina@yopmail.com,Phylis.Elbertina@gmail.com,doctor,385,385
485,Abbie,Glovsky,Abbie.Glovsky@yopmail.com,Abbie.Glovsky@gmail.com,worker,386,386
486,Linzy,Tannie,Linzy.Tannie@yopmail.com,Linzy.Tannie@gmail.com,police officer,387,387
487,Aili,O'Rourke,Aili.O'Rourke@yopmail.com,Aili.O'Rourke@gmail.com,police officer,388,388
488,Aaren,Tannie,Aaren.Tannie@yopmail.com,Aaren.Tannie@gmail.com,worker,389,389
489,Wendi,Mike,Wendi.Mike@yopmail.com,Wendi.Mike@gmail.com,firefighter,390,390
490,Lizzie,Erminia,Lizzie.Erminia@yopmail.com,Lizzie.Erminia@gmail.com,police officer,391,391
491,Olivette,Konyn,Olivette.Konyn@yopmail.com,Olivette.Konyn@gmail.com,doctor,392,392
492,Joleen,Darbie,Joleen.Darbie@yopmail.com,Joleen.Darbie@gmail.com,worker,393,393
493,Liana,Georas,Liana.Georas@yopmail.com,Liana.Georas@gmail.com,doctor,394,394
494,Ginnie,Lynn,Ginnie.Lynn@yopmail.com,Ginnie.Lynn@gmail.com,police officer,395,395
495,Kylynn,Kolnick,Kylynn.Kolnick@yopmail.com,Kylynn.Kolnick@gmail.com,developer,396,396
496,Lenna,Hanshaw,Lenna.Hanshaw@yopmail.com,Lenna.Hanshaw@gmail.com,doctor,397,397
497,Livvyy,Payson,Livvyy.Payson@yopmail.com,Livvyy.Payson@gmail.com,developer,398,398
498,Stacey,Francene,Stacey.Francene@yopmail.com,Stacey.Francene@gmail.com,developer,399,399
499,Rani,Vilma,Rani.Vilma@yopmail.com,Rani.Vilma@gmail.com,worker,400,400
500,Mary,Ietta,Mary.Ietta@yopmail.com,Mary.Ietta@gmail.com,developer,401,401
501,Oralee,Myrilla,Oralee.Myrilla@yopmail.com,Oralee.Myrilla@gmail.com,worker,402,402
502,Gerianna,Vorster,Gerianna.Vorster@yopmail.com,Gerianna.Vorster@gmail.com,police officer,403,403
503,Meriel,Linskey,Meriel.Linskey@yopmail.com,Meriel.Linskey@gmail.com,worker,404,404
504,Tracey,Candy,Tracey.Candy@yopmail.com,Tracey.Candy@gmail.com,worker,405,405
505,Melodie,Ephrem,Melodie.Ephrem@yopmail.com,Melodie.Ephrem@gmail.com,firefighter,406,406
506,Kristan,Persse,Kristan.Persse@yopmail.com,Kristan.Persse@gmail.com,firefighter,407,407
507,Anica,Nicoline,Anica.Nicoline@yopmail.com,Anica.Nicoline@gmail.com,worker,408,408
508,Daryl,Vale,Daryl.Vale@yopmail.com,Daryl.Vale@gmail.com,police officer,409,409
509,Georgetta,Elephus,Georgetta.Elephus@yopmail.com,Georgetta.Elephus@gmail.com,firefighter,410,410
510,Fred,LaRue,Fred.LaRue@yopmail.com,Fred.LaRue@gmail.com,police officer,411,411
511,Norine,Wilona,Norine.Wilona@yopmail.com,Norine.Wilona@gmail.com,firefighter,412,412
512,Audrie,Karylin,Audrie.Karylin@yopmail.com,Audrie.Karylin@gmail.com,firefighter,413,413
513,Jessy,Gaal,Jessy.Gaal@yopmail.com,Jessy.Gaal@gmail.com,worker,414,414
514,Shaine,Brieta,Shaine.Brieta@yopmail.com,Shaine.Brieta@gmail.com,worker,415,415
515,Angela,Pattin,Angela.Pattin@yopmail.com,Angela.Pattin@gmail.com,worker,416,416
516,Jennica,Gamaliel,Jennica.Gamaliel@yopmail.com,Jennica.Gamaliel@gmail.com,doctor,417,417
517,Edee,Paine,Edee.Paine@yopmail.com,Edee.Paine@gmail.com,doctor,418,418
518,Monika,Voletta,Monika.Voletta@yopmail.com,Monika.Voletta@gmail.com,police officer,419,419
519,Correy,Bouchard,Correy.Bouchard@yopmail.com,Correy.Bouchard@gmail.com,firefighter,420,420
520,Lelah,Candy,Lelah.Candy@yopmail.com,Lelah.Candy@gmail.com,doctor,421,421
521,Valeda,Chobot,Valeda.Chobot@yopmail.com,Valeda.Chobot@gmail.com,firefighter,422,422
522,Estell,Chauncey,Estell.Chauncey@yopmail.com,Estell.Chauncey@gmail.com,doctor,423,423
523,Isa,Kronfeld,Isa.Kronfeld@yopmail.com,Isa.Kronfeld@gmail.com,worker,424,424
524,Fernande,Wilona,Fernande.Wilona@yopmail.com,Fernande.Wilona@gmail.com,developer,425,425
525,Kenna,Thar,Kenna.Thar@yopmail.com,Kenna.Thar@gmail.com,developer,426,426
526,Winny,Libna,Winny.Libna@yopmail.com,Winny.Libna@gmail.com,developer,427,427
527,Sean,Yoko,Sean.Yoko@yopmail.com,Sean.Yoko@gmail.com,developer,428,428
528,Bibby,Leler,Bibby.Leler@yopmail.com,Bibby.Leler@gmail.com,firefighter,429,429
529,Krystle,Janith,Krystle.Janith@yopmail.com,Krystle.Janith@gmail.com,police officer,430,430
530,Daune,Skurnik,Daune.Skurnik@yopmail.com,Daune.Skurnik@gmail.com,worker,431,431
531,Gertrud,Ruvolo,Gertrud.Ruvolo@yopmail.com,Gertrud.Ruvolo@gmail.com,firefighter,432,432
532,Rori,Ambrosia,Rori.Ambrosia@yopmail.com,Rori.Ambrosia@gmail.com,doctor,433,433
533,Magdalena,Stacy,Magdalena.Stacy@yopmail.com,Magdalena.Stacy@gmail.com,doctor,434,434
534,Alia,Ochs,Alia.Ochs@yopmail.com,Alia.Ochs@gmail.com,doctor,435,435
535,Sabina,Cutlerr,Sabina.Cutlerr@yopmail.com,Sabina.Cutlerr@gmail.com,developer,436,436
536,Dawn,Astra,Dawn.Astra@yopmail.com,Dawn.Astra@gmail.com,developer,437,437
537,Marylou,Schonfeld,Marylou.Schonfeld@yopmail.com,Marylou.Schonfeld@gmail.com,doctor,438,438
538,Ursulina,Breed,Ursulina.Breed@yopmail.com,Ursulina.Breed@gmail.com,developer,439,439
539,Rosanne,Ferino,Rosanne.Ferino@yopmail.com,Rosanne.Ferino@gmail.com,worker,440,440
540,Chere,Letsou,Chere.Letsou@yopmail.com,Chere.Letsou@gmail.com,police officer,441,441
541,Kimmy,Doig,Kimmy.Doig@yopmail.com,Kimmy.Doig@gmail.com,firefighter,442,442
542,Sindee,Jammal,Sindee.Jammal@yopmail.com,Sindee.Jammal@gmail.com,firefighter,443,443
543,Leona,Kosey,Leona.Kosey@yopmail.com,Leona.Kosey@gmail.com,firefighter,444,444
544,Gerianna,Bury,Gerianna.Bury@yopmail.com,Gerianna.Bury@gmail.com,developer,445,445
545,Amelia,Brenn,Amelia.Brenn@yopmail.com,Amelia.Brenn@gmail.com,developer,446,446
546,Gretal,Primalia,Gretal.Primalia@yopmail.com,Gretal.Primalia@gmail.com,firefighter,447,447
547,Clary,Nickola,Clary.Nickola@yopmail.com,Clary.Nickola@gmail.com,worker,448,448
548,Miquela,Caitlin,Miquela.Caitlin@yopmail.com,Miquela.Caitlin@gmail.com,firefighter,449,449
549,Ekaterina,Kylander,Ekaterina.Kylander@yopmail.com,Ekaterina.Kylander@gmail.com,doctor,450,450
550,Agnese,Hortensia,Agnese.Hortensia@yopmail.com,Agnese.Hortensia@gmail.com,worker,451,451
551,Atlanta,Talia,Atlanta.Talia@yopmail.com,Atlanta.Talia@gmail.com,developer,452,452
552,Shauna,Remmer,Shauna.Remmer@yopmail.com,Shauna.Remmer@gmail.com,firefighter,453,453
553,Anthia,Durante,Anthia.Durante@yopmail.com,Anthia.Durante@gmail.com,police officer,454,454
554,Gaylene,Urias,Gaylene.Urias@yopmail.com,Gaylene.Urias@gmail.com,firefighter,455,455
555,Raina,Clara,Raina.Clara@yopmail.com,Raina.Clara@gmail.com,developer,456,456
556,Ashlee,Noam,Ashlee.Noam@yopmail.com,Ashlee.Noam@gmail.com,doctor,457,457
557,Deane,Quinn,Deane.Quinn@yopmail.com,Deane.Quinn@gmail.com,doctor,458,458
558,Debee,Fulmer,Debee.Fulmer@yopmail.com,Debee.Fulmer@gmail.com,developer,459,459
559,Romona,Adlare,Romona.Adlare@yopmail.com,Romona.Adlare@gmail.com,developer,460,460
560,Elise,Jammal,Elise.Jammal@yopmail.com,Elise.Jammal@gmail.com,doctor,461,461
561,Corene,Shields,Corene.Shields@yopmail.com,Corene.Shields@gmail.com,doctor,462,462
562,Jenilee,Shanley,Jenilee.Shanley@yopmail.com,Jenilee.Shanley@gmail.com,worker,463,463
563,Tressa,Woodberry,Tressa.Woodberry@yopmail.com,Tressa.Woodberry@gmail.com,worker,464,464
564,Paulita,Mallon,Paulita.Mallon@yopmail.com,Paulita.Mallon@gmail.com,doctor,465,465
565,Frieda,Egbert,Frieda.Egbert@yopmail.com,Frieda.Egbert@gmail.com,police officer,466,466
566,Lila,Haerr,Lila.Haerr@yopmail.com,Lila.Haerr@gmail.com,worker,467,467
567,Letizia,Zenas,Letizia.Zenas@yopmail.com,Letizia.Zenas@gmail.com,firefighter,468,468
568,Andree,Fancie,Andree.Fancie@yopmail.com,Andree.Fancie@gmail.com,firefighter,469,469
569,Elena,Kristi,Elena.Kristi@yopmail.com,Elena.Kristi@gmail.com,developer,470,470
570,Estell,Kelula,Estell.Kelula@yopmail.com,Estell.Kelula@gmail.com,developer,471,471
571,Ardeen,Abram,Ardeen.Abram@yopmail.com,Ardeen.Abram@gmail.com,worker,472,472
572,Alameda,Sandye,Alameda.Sandye@yopmail.com,Alameda.Sandye@gmail.com,firefighter,473,473
573,Dulce,Fennessy,Dulce.Fennessy@yopmail.com,Dulce.Fennessy@gmail.com,developer,474,474
574,Wileen,Decato,Wileen.Decato@yopmail.com,Wileen.Decato@gmail.com,developer,475,475
575,Kristan,Pitt,Kristan.Pitt@yopmail.com,Kristan.Pitt@gmail.com,doctor,476,476
576,Emmey,Tengdin,Emmey.Tengdin@yopmail.com,Emmey.Tengdin@gmail.com,firefighter,477,477
577,Lolita,Dulciana,Lolita.Dulciana@yopmail.com,Lolita.Dulciana@gmail.com,worker,478,478
578,Britni,Tamsky,Britni.Tamsky@yopmail.com,Britni.Tamsky@gmail.com,police officer,479,479
579,Estell,Gombach,Estell.Gombach@yopmail.com,Estell.Gombach@gmail.com,doctor,480,480
580,Cristabel,Hoenack,Cristabel.Hoenack@yopmail.com,Cristabel.Hoenack@gmail.com,firefighter,481,481
581,Cordi,Izaak,Cordi.Izaak@yopmail.com,Cordi.Izaak@gmail.com,doctor,482,482
582,Wileen,Colp,Wileen.Colp@yopmail.com,Wileen.Colp@gmail.com,firefighter,483,483
583,Ebonee,Henrie,Ebonee.Henrie@yopmail.com,Ebonee.Henrie@gmail.com,worker,484,484
584,Tamqrah,Publia,Tamqrah.Publia@yopmail.com,Tamqrah.Publia@gmail.com,developer,485,485
585,Beverley,Elsinore,Beverley.Elsinore@yopmail.com,Beverley.Elsinore@gmail.com,worker,486,486
586,Carlie,Hourigan,Carlie.Hourigan@yopmail.com,Carlie.Hourigan@gmail.com,worker,487,487
587,Ashlee,Thunell,Ashlee.Thunell@yopmail.com,Ashlee.Thunell@gmail.com,worker,488,488
588,Helsa,Pauly,Helsa.Pauly@yopmail.com,Helsa.Pauly@gmail.com,worker,489,489
589,Nannie,Kauppi,Nannie.Kauppi@yopmail.com,Nannie.Kauppi@gmail.com,firefighter,490,490
590,Danika,Woodberry,Danika.Woodberry@yopmail.com,Danika.Woodberry@gmail.com,developer,491,491
591,Claresta,Yorick,Claresta.Yorick@yopmail.com,Claresta.Yorick@gmail.com,developer,492,492
592,Sindee,Carlson,Sindee.Carlson@yopmail.com,Sindee.Carlson@gmail.com,police officer,493,493
593,Dorice,Barney,Dorice.Barney@yopmail.com,Dorice.Barney@gmail.com,police officer,494,494
594,Florencia,Calhoun,Florencia.Calhoun@yopmail.com,Florencia.Calhoun@gmail.com,doctor,495,495
595,Consuela,Love,Consuela.Love@yopmail.com,Consuela.Love@gmail.com,police officer,496,496
596,Elena,Seagraves,Elena.Seagraves@yopmail.com,Elena.Seagraves@gmail.com,worker,497,497
597,Marcy,Sholley,Marcy.Sholley@yopmail.com,Marcy.Sholley@gmail.com,developer,498,498
598,Odessa,Borrell,Odessa.Borrell@yopmail.com,Odessa.Borrell@gmail.com,firefighter,499,499
599,Deedee,Rocray,Deedee.Rocray@yopmail.com,Deedee.Rocray@gmail.com,police officer,500,500
600,Tani,Sophronia,Tani.Sophronia@yopmail.com,Tani.Sophronia@gmail.com,doctor,501,501
601,Joceline,Blase,Joceline.Blase@yopmail.com,Joceline.Blase@gmail.com,developer,502,502
602,Donnie,Madox,Donnie.Madox@yopmail.com,Donnie.Madox@gmail.com,developer,503,503
603,Kary,Kamaria,Kary.Kamaria@yopmail.com,Kary.Kamaria@gmail.com,worker,504,504
604,Fred,Clarissa,Fred.Clarissa@yopmail.com,Fred.Clarissa@gmail.com,worker,505,505
605,Aigneis,Sothena,Aigneis.Sothena@yopmail.com,Aigneis.Sothena@gmail.com,firefighter,506,506
606,Sonni,Shaver,Sonni.Shaver@yopmail.com,Sonni.Shaver@gmail.com,worker,507,507
607,Damaris,Wattenberg,Damaris.Wattenberg@yopmail.com,Damaris.Wattenberg@gmail.com,developer,508,508
608,Monika,Cimbura,Monika.Cimbura@yopmail.com,Monika.Cimbura@gmail.com,developer,509,509
609,Sheelagh,Danby,Sheelagh.Danby@yopmail.com,Sheelagh.Danby@gmail.com,firefighter,510,510
610,Janeczka,Darrell,Janeczka.Darrell@yopmail.com,Janeczka.Darrell@gmail.com,doctor,511,511
611,Noelle,Amasa,Noelle.Amasa@yopmail.com,Noelle.Amasa@gmail.com,police officer,512,512
612,Brandise,Bertold,Brandise.Bertold@yopmail.com,Brandise.Bertold@gmail.com,doctor,513,513
613,Cherilyn,Pillsbury,Cherilyn.Pillsbury@yopmail.com,Cherilyn.Pillsbury@gmail.com,developer,514,514
614,Rivalee,Clarissa,Rivalee.Clarissa@yopmail.com,Rivalee.Clarissa@gmail.com,police officer,515,515
615,Brooks,Borrell,Brooks.Borrell@yopmail.com,Brooks.Borrell@gmail.com,police officer,516,516
616,Nananne,Llovera,Nananne.Llovera@yopmail.com,Nananne.Llovera@gmail.com,developer,517,517
617,Jennica,Daegal,Jennica.Daegal@yopmail.com,Jennica.Daegal@gmail.com,firefighter,518,518
618,Willetta,Bury,Willetta.Bury@yopmail.com,Willetta.Bury@gmail.com,firefighter,519,519
619,Micheline,Meli,Micheline.Meli@yopmail.com,Micheline.Meli@gmail.com,worker,520,520
620,Starla,McClimans,Starla.McClimans@yopmail.com,Starla.McClimans@gmail.com,developer,521,521
621,Tierney,Leifeste,Tierney.Leifeste@yopmail.com,Tierney.Leifeste@gmail.com,police officer,522,522
622,Dale,Sherfield,Dale.Sherfield@yopmail.com,Dale.Sherfield@gmail.com,police officer,523,523
623,Maisey,Jefferey,Maisey.Jefferey@yopmail.com,Maisey.Jefferey@gmail.com,worker,524,524
624,Darlleen,Wenoa,Darlleen.Wenoa@yopmail.com,Darlleen.Wenoa@gmail.com,developer,525,525
625,Coral,Ashely,Coral.Ashely@yopmail.com,Coral.Ashely@gmail.com,police officer,526,526
626,Jessamyn,Urias,Jessamyn.Urias@yopmail.com,Jessamyn.Urias@gmail.com,doctor,527,527
627,Grier,Tound,Grier.Tound@yopmail.com,Grier.Tound@gmail.com,developer,528,528
628,Agathe,Ethban,Agathe.Ethban@yopmail.com,Agathe.Ethban@gmail.com,firefighter,529,529
629,Sherrie,Llovera,Sherrie.Llovera@yopmail.com,Sherrie.Llovera@gmail.com,developer,530,530
630,Hope,Raimondo,Hope.Raimondo@yopmail.com,Hope.Raimondo@gmail.com,worker,531,531
631,Asia,Buttaro,Asia.Buttaro@yopmail.com,Asia.Buttaro@gmail.com,police officer,532,532
632,Alleen,Zeeba,Alleen.Zeeba@yopmail.com,Alleen.Zeeba@gmail.com,doctor,533,533
633,Jennica,Rese,Jennica.Rese@yopmail.com,Jennica.Rese@gmail.com,worker,534,534
634,Selia,Urania,Selia.Urania@yopmail.com,Selia.Urania@gmail.com,firefighter,535,535
635,Harrietta,Korey,Harrietta.Korey@yopmail.com,Harrietta.Korey@gmail.com,police officer,536,536
636,Dianemarie,Barrus,Dianemarie.Barrus@yopmail.com,Dianemarie.Barrus@gmail.com,police officer,537,537
637,Lexine,Drisko,Lexine.Drisko@yopmail.com,Lexine.Drisko@gmail.com,worker,538,538
638,Verla,Ahab,Verla.Ahab@yopmail.com,Verla.Ahab@gmail.com,police officer,539,539
639,Evita,Rebecka,Evita.Rebecka@yopmail.com,Evita.Rebecka@gmail.com,developer,540,540
640,Robinia,Ivens,Robinia.Ivens@yopmail.com,Robinia.Ivens@gmail.com,doctor,541,541
641,Yvonne,Abbot,Yvonne.Abbot@yopmail.com,Yvonne.Abbot@gmail.com,doctor,542,542
642,Juliane,Sekofski,Juliane.Sekofski@yopmail.com,Juliane.Sekofski@gmail.com,doctor,543,543
643,Carree,Chandler,Carree.Chandler@yopmail.com,Carree.Chandler@gmail.com,police officer,544,544
644,Brynna,My,Brynna.My@yopmail.com,Brynna.My@gmail.com,firefighter,545,545
645,Dede,Parsaye,Dede.Parsaye@yopmail.com,Dede.Parsaye@gmail.com,doctor,546,546
646,Alejandra,Masao,Alejandra.Masao@yopmail.com,Alejandra.Masao@gmail.com,firefighter,547,547
647,Marcy,Doig,Marcy.Doig@yopmail.com,Marcy.Doig@gmail.com,developer,548,548
648,Joelly,Gaal,Joelly.Gaal@yopmail.com,Joelly.Gaal@gmail.com,developer,549,549
649,Zsa Zsa,Alfons,Zsa Zsa.Alfons@yopmail.com,Zsa Zsa.Alfons@gmail.com,firefighter,550,550
650,Cam,Douglass,Cam.Douglass@yopmail.com,Cam.Douglass@gmail.com,firefighter,551,551
651,Dotty,Winnick,Dotty.Winnick@yopmail.com,Dotty.Winnick@gmail.com,firefighter,552,552
652,Yetty,Rheingold,Yetty.Rheingold@yopmail.com,Yetty.Rheingold@gmail.com,developer,553,553
653,Quintina,Swanhildas,Quintina.Swanhildas@yopmail.com,Quintina.Swanhildas@gmail.com,developer,554,554
654,Berta,Weinreb,Berta.Weinreb@yopmail.com,Berta.Weinreb@gmail.com,developer,555,555
655,Cyb,Dichy,Cyb.Dichy@yopmail.com,Cyb.Dichy@gmail.com,developer,556,556
656,Mignon,Malvino,Mignon.Malvino@yopmail.com,Mignon.Malvino@gmail.com,doctor,557,557
657,Pierette,Sancho,Pierette.Sancho@yopmail.com,Pierette.Sancho@gmail.com,doctor,558,558
658,Beatriz,Hunfredo,Beatriz.Hunfredo@yopmail.com,Beatriz.Hunfredo@gmail.com,firefighter,559,559
659,Bernie,Kosey,Bernie.Kosey@yopmail.com,Bernie.Kosey@gmail.com,firefighter,560,560
660,Ingrid,Clara,Ingrid.Clara@yopmail.com,Ingrid.Clara@gmail.com,worker,561,561
661,Konstance,Earlie,Konstance.Earlie@yopmail.com,Konstance.Earlie@gmail.com,police officer,562,562
662,Blinni,Cassius,Blinni.Cassius@yopmail.com,Blinni.Cassius@gmail.com,doctor,563,563
663,Michaelina,Gert,Michaelina.Gert@yopmail.com,Michaelina.Gert@gmail.com,worker,564,564
664,Tarra,Japeth,Tarra.Japeth@yopmail.com,Tarra.Japeth@gmail.com,firefighter,565,565
665,Marinna,Graig,Marinna.Graig@yopmail.com,Marinna.Graig@gmail.com,worker,566,566
666,Gwyneth,Oscar,Gwyneth.Oscar@yopmail.com,Gwyneth.Oscar@gmail.com,worker,567,567
667,Aeriela,Even,Aeriela.Even@yopmail.com,Aeriela.Even@gmail.com,police officer,568,568
668,Dede,Mehalek,Dede.Mehalek@yopmail.com,Dede.Mehalek@gmail.com,developer,569,569
669,Emilia,Maribeth,Emilia.Maribeth@yopmail.com,Emilia.Maribeth@gmail.com,worker,570,570
670,Charissa,Swanhildas,Charissa.Swanhildas@yopmail.com,Charissa.Swanhildas@gmail.com,police officer,571,571
671,Josephine,Mehalek,Josephine.Mehalek@yopmail.com,Josephine.Mehalek@gmail.com,doctor,572,572
672,Audrie,Anderea,Audrie.Anderea@yopmail.com,Audrie.Anderea@gmail.com,firefighter,573,573
673,Keelia,Arley,Keelia.Arley@yopmail.com,Keelia.Arley@gmail.com,doctor,574,574
674,Edith,Medrek,Edith.Medrek@yopmail.com,Edith.Medrek@gmail.com,developer,575,575
675,Lory,Rona,Lory.Rona@yopmail.com,Lory.Rona@gmail.com,developer,576,576
676,Janey,Jillane,Janey.Jillane@yopmail.com,Janey.Jillane@gmail.com,firefighter,577,577
677,Kathy,Thunell,Kathy.Thunell@yopmail.com,Kathy.Thunell@gmail.com,doctor,578,578
678,Goldie,Breed,Goldie.Breed@yopmail.com,Goldie.Breed@gmail.com,firefighter,579,579
679,Minne,Crudden,Minne.Crudden@yopmail.com,Minne.Crudden@gmail.com,doctor,580,580
680,Paule,Evangelia,Paule.Evangelia@yopmail.com,Paule.Evangelia@gmail.com,developer,581,581
681,Marylou,Ogren,Marylou.Ogren@yopmail.com,Marylou.Ogren@gmail.com,police officer,582,582
682,Brietta,Aldric,Brietta.Aldric@yopmail.com,Brietta.Aldric@gmail.com,police officer,583,583
683,Alia,Nahum,Alia.Nahum@yopmail.com,Alia.Nahum@gmail.com,developer,584,584
684,Brianna,Tyson,Brianna.Tyson@yopmail.com,Brianna.Tyson@gmail.com,worker,585,585
685,Wilma,August,Wilma.August@yopmail.com,Wilma.August@gmail.com,doctor,586,586
686,Wynne,Giff,Wynne.Giff@yopmail.com,Wynne.Giff@gmail.com,doctor,587,587
687,Veda,Jalbert,Veda.Jalbert@yopmail.com,Veda.Jalbert@gmail.com,police officer,588,588
688,Ingrid,Kaete,Ingrid.Kaete@yopmail.com,Ingrid.Kaete@gmail.com,worker,589,589
689,Joeann,Standing,Joeann.Standing@yopmail.com,Joeann.Standing@gmail.com,developer,590,590
690,Olwen,Stacy,Olwen.Stacy@yopmail.com,Olwen.Stacy@gmail.com,doctor,591,591
691,Mara,Bates,Mara.Bates@yopmail.com,Mara.Bates@gmail.com,doctor,592,592
692,Gui,Jary,Gui.Jary@yopmail.com,Gui.Jary@gmail.com,firefighter,593,593
693,Joeann,McLaughlin,Joeann.McLaughlin@yopmail.com,Joeann.McLaughlin@gmail.com,firefighter,594,594
694,Florencia,Moina,Florencia.Moina@yopmail.com,Florencia.Moina@gmail.com,developer,595,595
695,Stevana,Lynn,Stevana.Lynn@yopmail.com,Stevana.Lynn@gmail.com,police officer,596,596
696,Bobbi,Ephrem,Bobbi.Ephrem@yopmail.com,Bobbi.Ephrem@gmail.com,firefighter,597,597
697,Ulrike,Means,Ulrike.Means@yopmail.com,Ulrike.Means@gmail.com,firefighter,598,598
698,Wynne,Tayib,Wynne.Tayib@yopmail.com,Wynne.Tayib@gmail.com,worker,599,599
699,Jsandye,Bryna,Jsandye.Bryna@yopmail.com,Jsandye.Bryna@gmail.com,worker,600,600
700,Kathi,Torray,Kathi.Torray@yopmail.com,Kathi.Torray@gmail.com,developer,601,601
701,Oralee,Sheng,Oralee.Sheng@yopmail.com,Oralee.Sheng@gmail.com,firefighter,602,602
702,Correy,Hamil,Correy.Hamil@yopmail.com,Correy.Hamil@gmail.com,police officer,603,603
703,Florencia,Hoban,Florencia.Hoban@yopmail.com,Florencia.Hoban@gmail.com,worker,604,604
704,Farrah,Mata,Farrah.Mata@yopmail.com,Farrah.Mata@gmail.com,police officer,605,605
705,Gusella,Sophronia,Gusella.Sophronia@yopmail.com,Gusella.Sophronia@gmail.com,developer,606,606
706,Marinna,Rosalba,Marinna.Rosalba@yopmail.com,Marinna.Rosalba@gmail.com,firefighter,607,607
707,Calla,Glovsky,Calla.Glovsky@yopmail.com,Calla.Glovsky@gmail.com,doctor,608,608
708,Inga,Lalitta,Inga.Lalitta@yopmail.com,Inga.Lalitta@gmail.com,worker,609,609
709,Calla,Hazlett,Calla.Hazlett@yopmail.com,Calla.Hazlett@gmail.com,firefighter,610,610
710,Johna,Arvo,Johna.Arvo@yopmail.com,Johna.Arvo@gmail.com,developer,611,611
711,Cacilie,Wooster,Cacilie.Wooster@yopmail.com,Cacilie.Wooster@gmail.com,doctor,612,612
712,Ardenia,Joeann,Ardenia.Joeann@yopmail.com,Ardenia.Joeann@gmail.com,firefighter,613,613
713,Kathi,Bow,Kathi.Bow@yopmail.com,Kathi.Bow@gmail.com,police officer,614,614
714,Carmela,Lutero,Carmela.Lutero@yopmail.com,Carmela.Lutero@gmail.com,police officer,615,615
715,Bertine,Mallon,Bertine.Mallon@yopmail.com,Bertine.Mallon@gmail.com,police officer,616,616
716,Anallese,Daniele,Anallese.Daniele@yopmail.com,Anallese.Daniele@gmail.com,worker,617,617
717,Delilah,Horan,Delilah.Horan@yopmail.com,Delilah.Horan@gmail.com,developer,618,618
718,Carmencita,Wesle,Carmencita.Wesle@yopmail.com,Carmencita.Wesle@gmail.com,firefighter,619,619
719,Louella,Helve,Louella.Helve@yopmail.com,Louella.Helve@gmail.com,police officer,620,620
720,Elena,Lubin,Elena.Lubin@yopmail.com,Elena.Lubin@gmail.com,firefighter,621,621
721,Jessy,Connelly,Jessy.Connelly@yopmail.com,Jessy.Connelly@gmail.com,developer,622,622
722,Calla,Rooney,Calla.Rooney@yopmail.com,Calla.Rooney@gmail.com,doctor,623,623
723,Teriann,Behre,Teriann.Behre@yopmail.com,Teriann.Behre@gmail.com,worker,624,624
724,Viviene,Tound,Viviene.Tound@yopmail.com,Viviene.Tound@gmail.com,firefighter,625,625
725,Sarette,Lewes,Sarette.Lewes@yopmail.com,Sarette.Lewes@gmail.com,doctor,626,626
726,Aimil,Yerkovich,Aimil.Yerkovich@yopmail.com,Aimil.Yerkovich@gmail.com,developer,627,627
727,Cyndie,Baylor,Cyndie.Baylor@yopmail.com,Cyndie.Baylor@gmail.com,police officer,628,628
728,Willetta,Noman,Willetta.Noman@yopmail.com,Willetta.Noman@gmail.com,doctor,629,629
729,Flo,Thunell,Flo.Thunell@yopmail.com,Flo.Thunell@gmail.com,doctor,630,630
730,Tatiania,Peti,Tatiania.Peti@yopmail.com,Tatiania.Peti@gmail.com,developer,631,631
731,Madeleine,Ade,Madeleine.Ade@yopmail.com,Madeleine.Ade@gmail.com,police officer,632,632
732,Caritta,Kesley,Caritta.Kesley@yopmail.com,Caritta.Kesley@gmail.com,worker,633,633
733,Alejandra,Ietta,Alejandra.Ietta@yopmail.com,Alejandra.Ietta@gmail.com,developer,634,634
734,Annabela,Tryck,Annabela.Tryck@yopmail.com,Annabela.Tryck@gmail.com,developer,635,635
735,Melisent,Shaver,Melisent.Shaver@yopmail.com,Melisent.Shaver@gmail.com,developer,636,636
736,Benita,Kat,Benita.Kat@yopmail.com,Benita.Kat@gmail.com,doctor,637,637
737,Mildrid,Sprage,Mildrid.Sprage@yopmail.com,Mildrid.Sprage@gmail.com,worker,638,638
738,Kylynn,Hanleigh,Kylynn.Hanleigh@yopmail.com,Kylynn.Hanleigh@gmail.com,worker,639,639
739,Gerianna,Suanne,Gerianna.Suanne@yopmail.com,Gerianna.Suanne@gmail.com,firefighter,640,640
740,Melina,Tristram,Melina.Tristram@yopmail.com,Melina.Tristram@gmail.com,police officer,641,641
741,Anallese,Nore,Anallese.Nore@yopmail.com,Anallese.Nore@gmail.com,developer,642,642
742,Elka,Wenoa,Elka.Wenoa@yopmail.com,Elka.Wenoa@gmail.com,firefighter,643,643
743,Cathyleen,Stacy,Cathyleen.Stacy@yopmail.com,Cathyleen.Stacy@gmail.com,police officer,644,644
744,Marita,Calhoun,Marita.Calhoun@yopmail.com,Marita.Calhoun@gmail.com,developer,645,645
745,Justinn,Wu,Justinn.Wu@yopmail.com,Justinn.Wu@gmail.com,worker,646,646
746,Jean,Faria,Jean.Faria@yopmail.com,Jean.Faria@gmail.com,worker,647,647
747,Fred,Hailee,Fred.Hailee@yopmail.com,Fred.Hailee@gmail.com,developer,648,648
748,Heida,Graig,Heida.Graig@yopmail.com,Heida.Graig@gmail.com,worker,649,649
749,Frieda,Meter,Frieda.Meter@yopmail.com,Frieda.Meter@gmail.com,police officer,650,650
750,Clo,Kylander,Clo.Kylander@yopmail.com,Clo.Kylander@gmail.com,developer,651,651
751,Modestia,Wareing,Modestia.Wareing@yopmail.com,Modestia.Wareing@gmail.com,firefighter,652,652
752,Nessie,Klemperer,Nessie.Klemperer@yopmail.com,Nessie.Klemperer@gmail.com,police officer,653,653
753,Minne,Ellord,Minne.Ellord@yopmail.com,Minne.Ellord@gmail.com,firefighter,654,654
754,Tybie,Brodench,Tybie.Brodench@yopmail.com,Tybie.Brodench@gmail.com,doctor,655,655
755,Karina,Arne,Karina.Arne@yopmail.com,Karina.Arne@gmail.com,worker,656,656
756,Riannon,Parsaye,Riannon.Parsaye@yopmail.com,Riannon.Parsaye@gmail.com,firefighter,657,657
757,Yetty,Brian,Yetty.Brian@yopmail.com,Yetty.Brian@gmail.com,firefighter,658,658
758,Myrtice,Maribeth,Myrtice.Maribeth@yopmail.com,Myrtice.Maribeth@gmail.com,doctor,659,659
759,Aigneis,Yate,Aigneis.Yate@yopmail.com,Aigneis.Yate@gmail.com,developer,660,660
760,Helena,Frodi,Helena.Frodi@yopmail.com,Helena.Frodi@gmail.com,developer,661,661
761,Hayley,Greenwald,Hayley.Greenwald@yopmail.com,Hayley.Greenwald@gmail.com,worker,662,662
762,Marline,Ammann,Marline.Ammann@yopmail.com,Marline.Ammann@gmail.com,firefighter,663,663
763,Hermione,Noam,Hermione.Noam@yopmail.com,Hermione.Noam@gmail.com,police officer,664,664
764,Yetty,Hedve,Yetty.Hedve@yopmail.com,Yetty.Hedve@gmail.com,worker,665,665
765,Genevra,Reneta,Genevra.Reneta@yopmail.com,Genevra.Reneta@gmail.com,developer,666,666
766,Carmencita,Concha,Carmencita.Concha@yopmail.com,Carmencita.Concha@gmail.com,worker,667,667
767,Dyann,Gavrila,Dyann.Gavrila@yopmail.com,Dyann.Gavrila@gmail.com,doctor,668,668
768,Mallory,Llovera,Mallory.Llovera@yopmail.com,Mallory.Llovera@gmail.com,developer,669,669
769,Jere,Narton,Jere.Narton@yopmail.com,Jere.Narton@gmail.com,worker,670,670
770,Misha,Llovera,Misha.Llovera@yopmail.com,Misha.Llovera@gmail.com,doctor,671,671
771,Merrie,Land,Merrie.Land@yopmail.com,Merrie.Land@gmail.com,police officer,672,672
772,Mellicent,Zachary,Mellicent.Zachary@yopmail.com,Mellicent.Zachary@gmail.com,police officer,673,673
773,Barbi,Elo,Barbi.Elo@yopmail.com,Barbi.Elo@gmail.com,police officer,674,674
774,Mellicent,Hathaway,Mellicent.Hathaway@yopmail.com,Mellicent.Hathaway@gmail.com,police officer,675,675
775,Kalina,Bury,Kalina.Bury@yopmail.com,Kalina.Bury@gmail.com,firefighter,676,676
776,Katuscha,Weitman,Katuscha.Weitman@yopmail.com,Katuscha.Weitman@gmail.com,doctor,677,677
777,Catrina,Maurine,Catrina.Maurine@yopmail.com,Catrina.Maurine@gmail.com,doctor,678,678
778,Averyl,Sasnett,Averyl.Sasnett@yopmail.com,Averyl.Sasnett@gmail.com,firefighter,679,679
779,Pamella,Tybald,Pamella.Tybald@yopmail.com,Pamella.Tybald@gmail.com,doctor,680,680
780,Clary,Jacinda,Clary.Jacinda@yopmail.com,Clary.Jacinda@gmail.com,developer,681,681
781,Alexine,Stilwell,Alexine.Stilwell@yopmail.com,Alexine.Stilwell@gmail.com,worker,682,682
782,Dorothy,Kermit,Dorothy.Kermit@yopmail.com,Dorothy.Kermit@gmail.com,developer,683,683
783,Corina,Argus,Corina.Argus@yopmail.com,Corina.Argus@gmail.com,doctor,684,684
784,Jenda,Berne,Jenda.Berne@yopmail.com,Jenda.Berne@gmail.com,developer,685,685
785,Eugine,Yusuk,Eugine.Yusuk@yopmail.com,Eugine.Yusuk@gmail.com,developer,686,686
786,Giustina,Zaslow,Giustina.Zaslow@yopmail.com,Giustina.Zaslow@gmail.com,worker,687,687
787,Nyssa,Decato,Nyssa.Decato@yopmail.com,Nyssa.Decato@gmail.com,firefighter,688,688
788,Taffy,Croix,Taffy.Croix@yopmail.com,Taffy.Croix@gmail.com,doctor,689,689
789,Lindie,Felecia,Lindie.Felecia@yopmail.com,Lindie.Felecia@gmail.com,developer,690,690
790,Ronna,Juliet,Ronna.Juliet@yopmail.com,Ronna.Juliet@gmail.com,developer,691,691
791,Jan,Kiyoshi,Jan.Kiyoshi@yopmail.com,Jan.Kiyoshi@gmail.com,doctor,692,692
792,Giustina,Camden,Giustina.Camden@yopmail.com,Giustina.Camden@gmail.com,police officer,693,693
793,Ayn,Sholley,Ayn.Sholley@yopmail.com,Ayn.Sholley@gmail.com,police officer,694,694
794,Daune,Mintz,Daune.Mintz@yopmail.com,Daune.Mintz@gmail.com,firefighter,695,695
795,Lorenza,Louanna,Lorenza.Louanna@yopmail.com,Lorenza.Louanna@gmail.com,police officer,696,696
796,Netty,Romelda,Netty.Romelda@yopmail.com,Netty.Romelda@gmail.com,developer,697,697
797,Misha,Bouchard,Misha.Bouchard@yopmail.com,Misha.Bouchard@gmail.com,developer,698,698
798,Glynnis,Shaddock,Glynnis.Shaddock@yopmail.com,Glynnis.Shaddock@gmail.com,police officer,699,699
799,Kylynn,Bakerman,Kylynn.Bakerman@yopmail.com,Kylynn.Bakerman@gmail.com,worker,700,700
800,Edee,Joeann,Edee.Joeann@yopmail.com,Edee.Joeann@gmail.com,doctor,701,701
801,Goldie,Constancy,Goldie.Constancy@yopmail.com,Goldie.Constancy@gmail.com,worker,702,702
802,Diena,Marisa,Diena.Marisa@yopmail.com,Diena.Marisa@gmail.com,firefighter,703,703
803,Nicoli,Eugenia,Nicoli.Eugenia@yopmail.com,Nicoli.Eugenia@gmail.com,doctor,704,704
804,Ruthe,Hylan,Ruthe.Hylan@yopmail.com,Ruthe.Hylan@gmail.com,doctor,705,705
805,Hollie,Elisha,Hollie.Elisha@yopmail.com,Hollie.Elisha@gmail.com,police officer,706,706
806,Alejandra,Othilia,Alejandra.Othilia@yopmail.com,Alejandra.Othilia@gmail.com,police officer,707,707
807,Rori,Cristi,Rori.Cristi@yopmail.com,Rori.Cristi@gmail.com,worker,708,708
808,Diena,Liebermann,Diena.Liebermann@yopmail.com,Diena.Liebermann@gmail.com,doctor,709,709
809,Carlie,Raul,Carlie.Raul@yopmail.com,Carlie.Raul@gmail.com,doctor,710,710
810,Blondelle,Prouty,Blondelle.Prouty@yopmail.com,Blondelle.Prouty@gmail.com,doctor,711,711
811,Jere,McAdams,Jere.McAdams@yopmail.com,Jere.McAdams@gmail.com,developer,712,712
812,Allis,Timon,Allis.Timon@yopmail.com,Allis.Timon@gmail.com,firefighter,713,713
813,Zia,Demitria,Zia.Demitria@yopmail.com,Zia.Demitria@gmail.com,developer,714,714
814,Codie,Zrike,Codie.Zrike@yopmail.com,Codie.Zrike@gmail.com,police officer,715,715
815,Ursulina,Wind,Ursulina.Wind@yopmail.com,Ursulina.Wind@gmail.com,developer,716,716
816,Sharlene,Juan,Sharlene.Juan@yopmail.com,Sharlene.Juan@gmail.com,firefighter,717,717
817,Dode,Lindemann,Dode.Lindemann@yopmail.com,Dode.Lindemann@gmail.com,worker,718,718
818,Beatriz,Hachmin,Beatriz.Hachmin@yopmail.com,Beatriz.Hachmin@gmail.com,firefighter,719,719
819,Theodora,Ciro,Theodora.Ciro@yopmail.com,Theodora.Ciro@gmail.com,doctor,720,720
820,Arlina,Cullin,Arlina.Cullin@yopmail.com,Arlina.Cullin@gmail.com,developer,721,721
821,Krystle,Bearnard,Krystle.Bearnard@yopmail.com,Krystle.Bearnard@gmail.com,police officer,722,722
822,Melanie,Rona,Melanie.Rona@yopmail.com,Melanie.Rona@gmail.com,firefighter,723,723
823,Meriel,Abernon,Meriel.Abernon@yopmail.com,Meriel.Abernon@gmail.com,firefighter,724,724
824,Sam,Barrus,Sam.Barrus@yopmail.com,Sam.Barrus@gmail.com,police officer,725,725
825,Elbertina,Parette,Elbertina.Parette@yopmail.com,Elbertina.Parette@gmail.com,firefighter,726,726
826,Beverley,Tarrant,Beverley.Tarrant@yopmail.com,Beverley.Tarrant@gmail.com,doctor,727,727
827,Margarette,Delila,Margarette.Delila@yopmail.com,Margarette.Delila@gmail.com,doctor,728,728
828,Kial,Westphal,Kial.Westphal@yopmail.com,Kial.Westphal@gmail.com,developer,729,729
829,Zaria,Autrey,Zaria.Autrey@yopmail.com,Zaria.Autrey@gmail.com,firefighter,730,730
830,Fredericka,Hailee,Fredericka.Hailee@yopmail.com,Fredericka.Hailee@gmail.com,police officer,731,731
831,Tina,Azeria,Tina.Azeria@yopmail.com,Tina.Azeria@gmail.com,worker,732,732
832,Eolanda,Berl,Eolanda.Berl@yopmail.com,Eolanda.Berl@gmail.com,police officer,733,733
833,Caritta,McClimans,Caritta.McClimans@yopmail.com,Caritta.McClimans@gmail.com,firefighter,734,734
834,Ninnetta,Hutchison,Ninnetta.Hutchison@yopmail.com,Ninnetta.Hutchison@gmail.com,worker,735,735
835,Queenie,Yusuk,Queenie.Yusuk@yopmail.com,Queenie.Yusuk@gmail.com,firefighter,736,736
836,Mary,Revkah,Mary.Revkah@yopmail.com,Mary.Revkah@gmail.com,firefighter,737,737
837,Hermione,Chinua,Hermione.Chinua@yopmail.com,Hermione.Chinua@gmail.com,police officer,738,738
838,Beatriz,Stanwood,Beatriz.Stanwood@yopmail.com,Beatriz.Stanwood@gmail.com,worker,739,739
839,Theodora,Libna,Theodora.Libna@yopmail.com,Theodora.Libna@gmail.com,doctor,740,740
840,Madeleine,Kristi,Madeleine.Kristi@yopmail.com,Madeleine.Kristi@gmail.com,worker,741,741
841,Marsiella,Schroth,Marsiella.Schroth@yopmail.com,Marsiella.Schroth@gmail.com,doctor,742,742
842,Caritta,Maples,Caritta.Maples@yopmail.com,Caritta.Maples@gmail.com,worker,743,743
843,Genovera,Fink,Genovera.Fink@yopmail.com,Genovera.Fink@gmail.com,doctor,744,744
844,Korrie,Wyn,Korrie.Wyn@yopmail.com,Korrie.Wyn@gmail.com,worker,745,745
845,Maisey,Telfer,Maisey.Telfer@yopmail.com,Maisey.Telfer@gmail.com,firefighter,746,746
846,Melisent,Bearnard,Melisent.Bearnard@yopmail.com,Melisent.Bearnard@gmail.com,doctor,747,747
847,Janey,Ader,Janey.Ader@yopmail.com,Janey.Ader@gmail.com,police officer,748,748
848,Jessamyn,Maribeth,Jessamyn.Maribeth@yopmail.com,Jessamyn.Maribeth@gmail.com,worker,749,749
849,Nananne,Linskey,Nananne.Linskey@yopmail.com,Nananne.Linskey@gmail.com,worker,750,750
850,Addia,Candy,Addia.Candy@yopmail.com,Addia.Candy@gmail.com,developer,751,751
851,Talya,Lail,Talya.Lail@yopmail.com,Talya.Lail@gmail.com,doctor,752,752
852,Hope,Matthew,Hope.Matthew@yopmail.com,Hope.Matthew@gmail.com,worker,753,753
853,Mary,Hebner,Mary.Hebner@yopmail.com,Mary.Hebner@gmail.com,worker,754,754
854,Kaia,Leopold,Kaia.Leopold@yopmail.com,Kaia.Leopold@gmail.com,worker,755,755
855,Chandra,Teddman,Chandra.Teddman@yopmail.com,Chandra.Teddman@gmail.com,developer,756,756
856,Jessy,Whittaker,Jessy.Whittaker@yopmail.com,Jessy.Whittaker@gmail.com,police officer,757,757
857,Giustina,Pond,Giustina.Pond@yopmail.com,Giustina.Pond@gmail.com,firefighter,758,758
858,Feliza,Erich,Feliza.Erich@yopmail.com,Feliza.Erich@gmail.com,firefighter,759,759
859,Kalina,Romelda,Kalina.Romelda@yopmail.com,Kalina.Romelda@gmail.com,doctor,760,760
860,Linet,Libna,Linet.Libna@yopmail.com,Linet.Libna@gmail.com,worker,761,761
861,Mellicent,Terencio,Mellicent.Terencio@yopmail.com,Mellicent.Terencio@gmail.com,worker,762,762
862,Phylis,Hunfredo,Phylis.Hunfredo@yopmail.com,Phylis.Hunfredo@gmail.com,police officer,763,763
863,Ana,Eliathas,Ana.Eliathas@yopmail.com,Ana.Eliathas@gmail.com,firefighter,764,764
864,Caryl,Johanna,Caryl.Johanna@yopmail.com,Caryl.Johanna@gmail.com,firefighter,765,765
865,Iseabal,Linskey,Iseabal.Linskey@yopmail.com,Iseabal.Linskey@gmail.com,worker,766,766
866,Olwen,Hourigan,Olwen.Hourigan@yopmail.com,Olwen.Hourigan@gmail.com,police officer,767,767
867,Hannis,Rosemary,Hannis.Rosemary@yopmail.com,Hannis.Rosemary@gmail.com,police officer,768,768
868,Jenilee,Oneida,Jenilee.Oneida@yopmail.com,Jenilee.Oneida@gmail.com,developer,769,769
869,Kittie,Levey,Kittie.Levey@yopmail.com,Kittie.Levey@gmail.com,developer,770,770
870,Ada,Bennie,Ada.Bennie@yopmail.com,Ada.Bennie@gmail.com,firefighter,771,771
871,Sean,Jefferey,Sean.Jefferey@yopmail.com,Sean.Jefferey@gmail.com,worker,772,772
872,Alyda,Gunn,Alyda.Gunn@yopmail.com,Alyda.Gunn@gmail.com,worker,773,773
873,Zaria,Alisia,Zaria.Alisia@yopmail.com,Zaria.Alisia@gmail.com,worker,774,774
874,Farrah,Decato,Farrah.Decato@yopmail.com,Farrah.Decato@gmail.com,worker,775,775
875,Celestyna,Martguerita,Celestyna.Martguerita@yopmail.com,Celestyna.Martguerita@gmail.com,worker,776,776
876,Brietta,Maurine,Brietta.Maurine@yopmail.com,Brietta.Maurine@gmail.com,worker,777,777
877,Ricky,Hashim,Ricky.Hashim@yopmail.com,Ricky.Hashim@gmail.com,doctor,778,778
878,Kassey,McGrody,Kassey.McGrody@yopmail.com,Kassey.McGrody@gmail.com,worker,779,779
879,Emylee,Tomasina,Emylee.Tomasina@yopmail.com,Emylee.Tomasina@gmail.com,firefighter,780,780
880,Kerrin,Joni,Kerrin.Joni@yopmail.com,Kerrin.Joni@gmail.com,worker,781,781
881,Annora,Kress,Annora.Kress@yopmail.com,Annora.Kress@gmail.com,developer,782,782
882,Monika,Bearnard,Monika.Bearnard@yopmail.com,Monika.Bearnard@gmail.com,worker,783,783
883,Susan,Beebe,Susan.Beebe@yopmail.com,Susan.Beebe@gmail.com,police officer,784,784
884,Darci,Fadiman,Darci.Fadiman@yopmail.com,Darci.Fadiman@gmail.com,doctor,785,785
885,Shannah,Frodi,Shannah.Frodi@yopmail.com,Shannah.Frodi@gmail.com,worker,786,786
886,Vere,Morehouse,Vere.Morehouse@yopmail.com,Vere.Morehouse@gmail.com,developer,787,787
887,Krystle,Dawkins,Krystle.Dawkins@yopmail.com,Krystle.Dawkins@gmail.com,developer,788,788
888,Maud,Stephie,Maud.Stephie@yopmail.com,Maud.Stephie@gmail.com,firefighter,789,789
889,Mara,Flyn,Mara.Flyn@yopmail.com,Mara.Flyn@gmail.com,worker,790,790
890,Emmey,Giff,Emmey.Giff@yopmail.com,Emmey.Giff@gmail.com,firefighter,791,791
891,Mureil,Ball,Mureil.Ball@yopmail.com,Mureil.Ball@gmail.com,developer,792,792
892,Shell,Goode,Shell.Goode@yopmail.com,Shell.Goode@gmail.com,doctor,793,793
893,Daune,Wilona,Daune.Wilona@yopmail.com,Daune.Wilona@gmail.com,firefighter,794,794
894,Abbie,Ralfston,Abbie.Ralfston@yopmail.com,Abbie.Ralfston@gmail.com,doctor,795,795
895,Ethel,Belldas,Ethel.Belldas@yopmail.com,Ethel.Belldas@gmail.com,police officer,796,796
896,Sharai,Cleo,Sharai.Cleo@yopmail.com,Sharai.Cleo@gmail.com,firefighter,797,797
897,Maridel,Gert,Maridel.Gert@yopmail.com,Maridel.Gert@gmail.com,police officer,798,798
898,Hayley,Vale,Hayley.Vale@yopmail.com,Hayley.Vale@gmail.com,worker,799,799
899,Evaleen,Dex,Evaleen.Dex@yopmail.com,Evaleen.Dex@gmail.com,doctor,800,800
900,Nelle,Holtz,Nelle.Holtz@yopmail.com,Nelle.Holtz@gmail.com,doctor,801,801
901,Rori,Rona,Rori.Rona@yopmail.com,Rori.Rona@gmail.com,doctor,802,802
902,Linzy,Naor,Linzy.Naor@yopmail.com,Linzy.Naor@gmail.com,doctor,803,803
903,Lesly,Mozelle,Lesly.Mozelle@yopmail.com,Lesly.Mozelle@gmail.com,worker,804,804
904,Zsa Zsa,Himelman,Zsa Zsa.Himelman@yopmail.com,Zsa Zsa.Himelman@gmail.com,doctor,805,805
905,Deedee,Hartnett,Deedee.Hartnett@yopmail.com,Deedee.Hartnett@gmail.com,worker,806,806
906,Renae,Kazimir,Renae.Kazimir@yopmail.com,Renae.Kazimir@gmail.com,police officer,807,807
907,Marinna,Ehrman,Marinna.Ehrman@yopmail.com,Marinna.Ehrman@gmail.com,doctor,808,808
908,Charmaine,Nikaniki,Charmaine.Nikaniki@yopmail.com,Charmaine.Nikaniki@gmail.com,worker,809,809
909,Violet,Glenden,Violet.Glenden@yopmail.com,Violet.Glenden@gmail.com,police officer,810,810
910,Corene,August,Corene.August@yopmail.com,Corene.August@gmail.com,worker,811,811
911,Corry,Warthman,Corry.Warthman@yopmail.com,Corry.Warthman@gmail.com,police officer,812,812
912,Sam,Corilla,Sam.Corilla@yopmail.com,Sam.Corilla@gmail.com,firefighter,813,813
913,Candy,Mullane,Candy.Mullane@yopmail.com,Candy.Mullane@gmail.com,worker,814,814
914,Frances,Freddi,Frances.Freddi@yopmail.com,Frances.Freddi@gmail.com,police officer,815,815
915,Elmira,Kiyoshi,Elmira.Kiyoshi@yopmail.com,Elmira.Kiyoshi@gmail.com,developer,816,816
916,Kalina,Prober,Kalina.Prober@yopmail.com,Kalina.Prober@gmail.com,developer,817,817
917,Cacilie,Bearnard,Cacilie.Bearnard@yopmail.com,Cacilie.Bearnard@gmail.com,firefighter,818,818
918,Gale,Ricarda,Gale.Ricarda@yopmail.com,Gale.Ricarda@gmail.com,doctor,819,819
919,Max,Nester,Max.Nester@yopmail.com,Max.Nester@gmail.com,worker,820,820
920,Andree,Leffen,Andree.Leffen@yopmail.com,Andree.Leffen@gmail.com,police officer,821,821
921,Rhoda,Meter,Rhoda.Meter@yopmail.com,Rhoda.Meter@gmail.com,doctor,822,822
922,Tami,Giff,Tami.Giff@yopmail.com,Tami.Giff@gmail.com,doctor,823,823
923,Lyssa,Konyn,Lyssa.Konyn@yopmail.com,Lyssa.Konyn@gmail.com,worker,824,824
924,Patricia,Firmin,Patricia.Firmin@yopmail.com,Patricia.Firmin@gmail.com,police officer,825,825
925,Cecile,Carri,Cecile.Carri@yopmail.com,Cecile.Carri@gmail.com,firefighter,826,826
926,Ida,Bury,Ida.Bury@yopmail.com,Ida.Bury@gmail.com,firefighter,827,827
927,Dari,Ingra,Dari.Ingra@yopmail.com,Dari.Ingra@gmail.com,police officer,828,828
928,Abbie,McAdams,Abbie.McAdams@yopmail.com,Abbie.McAdams@gmail.com,firefighter,829,829
929,Daryl,Tacye,Daryl.Tacye@yopmail.com,Daryl.Tacye@gmail.com,doctor,830,830
930,Norine,Ricki,Norine.Ricki@yopmail.com,Norine.Ricki@gmail.com,developer,831,831
931,Pearline,Goerke,Pearline.Goerke@yopmail.com,Pearline.Goerke@gmail.com,firefighter,832,832
932,Britni,Cavan,Britni.Cavan@yopmail.com,Britni.Cavan@gmail.com,doctor,833,833
933,Gabi,Burch,Gabi.Burch@yopmail.com,Gabi.Burch@gmail.com,worker,834,834
934,Edith,Vanni,Edith.Vanni@yopmail.com,Edith.Vanni@gmail.com,police officer,835,835
935,Neila,Rebecka,Neila.Rebecka@yopmail.com,Neila.Rebecka@gmail.com,police officer,836,836
936,Melina,Reinke,Melina.Reinke@yopmail.com,Melina.Reinke@gmail.com,worker,837,837
937,Celisse,Alexandr,Celisse.Alexandr@yopmail.com,Celisse.Alexandr@gmail.com,police officer,838,838
938,Gianina,Krystle,Gianina.Krystle@yopmail.com,Gianina.Krystle@gmail.com,police officer,839,839
939,Gwenneth,Anestassia,Gwenneth.Anestassia@yopmail.com,Gwenneth.Anestassia@gmail.com,worker,840,840
940,Allis,Roarke,Allis.Roarke@yopmail.com,Allis.Roarke@gmail.com,developer,841,841
941,Donetta,Fink,Donetta.Fink@yopmail.com,Donetta.Fink@gmail.com,firefighter,842,842
942,Doro,Raseda,Doro.Raseda@yopmail.com,Doro.Raseda@gmail.com,police officer,843,843
943,Chrystel,Pond,Chrystel.Pond@yopmail.com,Chrystel.Pond@gmail.com,doctor,844,844
944,Isa,Bates,Isa.Bates@yopmail.com,Isa.Bates@gmail.com,developer,845,845
945,Halette,Schlosser,Halette.Schlosser@yopmail.com,Halette.Schlosser@gmail.com,worker,846,846
946,Harrietta,Louanna,Harrietta.Louanna@yopmail.com,Harrietta.Louanna@gmail.com,doctor,847,847
947,Nadine,Dosia,Nadine.Dosia@yopmail.com,Nadine.Dosia@gmail.com,worker,848,848
948,Nyssa,Himelman,Nyssa.Himelman@yopmail.com,Nyssa.Himelman@gmail.com,worker,849,849
949,Lyssa,Zuzana,Lyssa.Zuzana@yopmail.com,Lyssa.Zuzana@gmail.com,firefighter,850,850
950,Fidelia,Merell,Fidelia.Merell@yopmail.com,Fidelia.Merell@gmail.com,police officer,851,851
951,Gusella,Dorothy,Gusella.Dorothy@yopmail.com,Gusella.Dorothy@gmail.com,firefighter,852,852
952,Genovera,Toor,Genovera.Toor@yopmail.com,Genovera.Toor@gmail.com,developer,853,853
953,Marnia,Amadas,Marnia.Amadas@yopmail.com,Marnia.Amadas@gmail.com,doctor,854,854
954,Heddie,Agle,Heddie.Agle@yopmail.com,Heddie.Agle@gmail.com,firefighter,855,855
955,Cherrita,Gillan,Cherrita.Gillan@yopmail.com,Cherrita.Gillan@gmail.com,police officer,856,856
956,Alameda,Vilma,Alameda.Vilma@yopmail.com,Alameda.Vilma@gmail.com,worker,857,857
957,Maryellen,Rosemary,Maryellen.Rosemary@yopmail.com,Maryellen.Rosemary@gmail.com,worker,858,858
958,Goldie,Bohlin,Goldie.Bohlin@yopmail.com,Goldie.Bohlin@gmail.com,developer,859,859
959,Marita,Ehrman,Marita.Ehrman@yopmail.com,Marita.Ehrman@gmail.com,worker,860,860
960,Paule,Fairweather,Paule.Fairweather@yopmail.com,Paule.Fairweather@gmail.com,firefighter,861,861
961,Merry,Fairweather,Merry.Fairweather@yopmail.com,Merry.Fairweather@gmail.com,firefighter,862,862
962,Lacie,Ardra,Lacie.Ardra@yopmail.com,Lacie.Ardra@gmail.com,worker,863,863
963,Nita,Aprile,Nita.Aprile@yopmail.com,Nita.Aprile@gmail.com,police officer,864,864
964,Dulce,Casimir,Dulce.Casimir@yopmail.com,Dulce.Casimir@gmail.com,police officer,865,865
965,Mignon,Shirberg,Mignon.Shirberg@yopmail.com,Mignon.Shirberg@gmail.com,developer,866,866
966,Sara-Ann,Giff,Sara-Ann.Giff@yopmail.com,Sara-Ann.Giff@gmail.com,firefighter,867,867
967,Shaylyn,Tatianas,Shaylyn.Tatianas@yopmail.com,Shaylyn.Tatianas@gmail.com,developer,868,868
968,Allyce,Felizio,Allyce.Felizio@yopmail.com,Allyce.Felizio@gmail.com,firefighter,869,869
969,Alisha,Dyche,Alisha.Dyche@yopmail.com,Alisha.Dyche@gmail.com,police officer,870,870
970,Paola,Medrek,Paola.Medrek@yopmail.com,Paola.Medrek@gmail.com,worker,871,871
971,Micheline,Emerson,Micheline.Emerson@yopmail.com,Micheline.Emerson@gmail.com,firefighter,872,872
972,Brooks,Primalia,Brooks.Primalia@yopmail.com,Brooks.Primalia@gmail.com,doctor,873,873
973,Ida,Bethany,Ida.Bethany@yopmail.com,Ida.Bethany@gmail.com,worker,874,874
974,Michaelina,Chandler,Michaelina.Chandler@yopmail.com,Michaelina.Chandler@gmail.com,doctor,875,875
975,Grier,Pelagias,Grier.Pelagias@yopmail.com,Grier.Pelagias@gmail.com,firefighter,876,876
976,Orsola,Oriana,Orsola.Oriana@yopmail.com,Orsola.Oriana@gmail.com,firefighter,877,877
977,Gisela,Brackely,Gisela.Brackely@yopmail.com,Gisela.Brackely@gmail.com,doctor,878,878
978,Priscilla,Gilbertson,Priscilla.Gilbertson@yopmail.com,Priscilla.Gilbertson@gmail.com,police officer,879,879
979,Evaleen,Zenas,Evaleen.Zenas@yopmail.com,Evaleen.Zenas@gmail.com,firefighter,880,880
980,Danika,Fontana,Danika.Fontana@yopmail.com,Danika.Fontana@gmail.com,developer,881,881
981,Yetty,Kylander,Yetty.Kylander@yopmail.com,Yetty.Kylander@gmail.com,doctor,882,882
982,Ardenia,Cadmar,Ardenia.Cadmar@yopmail.com,Ardenia.Cadmar@gmail.com,police officer,883,883
983,Fanchon,Prober,Fanchon.Prober@yopmail.com,Fanchon.Prober@gmail.com,developer,884,884
984,Gusella,Tippets,Gusella.Tippets@yopmail.com,Gusella.Tippets@gmail.com,developer,885,885
985,Lexine,Xerxes,Lexine.Xerxes@yopmail.com,Lexine.Xerxes@gmail.com,developer,886,886
986,Tybie,Faso,Tybie.Faso@yopmail.com,Tybie.Faso@gmail.com,developer,887,887
987,Lynea,Randene,Lynea.Randene@yopmail.com,Lynea.Randene@gmail.com,developer,888,888
988,Mamie,Yusuk,Mamie.Yusuk@yopmail.com,Mamie.Yusuk@gmail.com,doctor,889,889
989,Gabriellia,McLaughlin,Gabriellia.McLaughlin@yopmail.com,Gabriellia.McLaughlin@gmail.com,worker,890,890
990,Eolanda,Infield,Eolanda.Infield@yopmail.com,Eolanda.Infield@gmail.com,police officer,891,891
991,Dorene,Rhu,Dorene.Rhu@yopmail.com,Dorene.Rhu@gmail.com,firefighter,892,892
992,Alie,Devlen,Alie.Devlen@yopmail.com,Alie.Devlen@gmail.com,police officer,893,893
993,Cathyleen,Hylan,Cathyleen.Hylan@yopmail.com,Cathyleen.Hylan@gmail.com,police officer,894,894
994,Beatriz,Edee,Beatriz.Edee@yopmail.com,Beatriz.Edee@gmail.com,police officer,895,895
995,Leanna,Gilbertson,Leanna.Gilbertson@yopmail.com,Leanna.Gilbertson@gmail.com,developer,896,896
996,Mallory,Warthman,Mallory.Warthman@yopmail.com,Mallory.Warthman@gmail.com,firefighter,897,897
997,Shaylyn,Odysseus,Shaylyn.Odysseus@yopmail.com,Shaylyn.Odysseus@gmail.com,doctor,898,898
998,Minda,Oster,Minda.Oster@yopmail.com,Minda.Oster@gmail.com,doctor,899,899
999,Sallie,Ciro,Sallie.Ciro@yopmail.com,Sallie.Ciro@gmail.com,firefighter,900,900
1000,Ashlee,O'Carroll,Ashlee.O'Carroll@yopmail.com,Ashlee.O'Carroll@gmail.com,developer,901,901
1001,Starla,Halsey,Starla.Halsey@yopmail.com,Starla.Halsey@gmail.com,developer,902,902
1002,Codie,Frendel,Codie.Frendel@yopmail.com,Codie.Frendel@gmail.com,doctor,903,903
1003,Letizia,Eiser,Letizia.Eiser@yopmail.com,Letizia.Eiser@gmail.com,firefighter,904,904
1004,Ardeen,Raul,Ardeen.Raul@yopmail.com,Ardeen.Raul@gmail.com,doctor,905,905
1005,Giustina,Ajay,Giustina.Ajay@yopmail.com,Giustina.Ajay@gmail.com,doctor,906,906
1006,Calla,Demitria,Calla.Demitria@yopmail.com,Calla.Demitria@gmail.com,doctor,907,907
1007,Kirbee,Kiyoshi,Kirbee.Kiyoshi@yopmail.com,Kirbee.Kiyoshi@gmail.com,worker,908,908
1008,Kassey,Thunell,Kassey.Thunell@yopmail.com,Kassey.Thunell@gmail.com,doctor,909,909
1009,Frank,Croix,Frank.Croix@yopmail.com,Frank.Croix@gmail.com,police officer,910,910
1010,Ardeen,Isidore,Ardeen.Isidore@yopmail.com,Ardeen.Isidore@gmail.com,firefighter,911,911
1011,Ruthe,Shama,Ruthe.Shama@yopmail.com,Ruthe.Shama@gmail.com,doctor,912,912
1012,Elmira,Florina,Elmira.Florina@yopmail.com,Elmira.Florina@gmail.com,doctor,913,913
1013,Lizzie,Kiyoshi,Lizzie.Kiyoshi@yopmail.com,Lizzie.Kiyoshi@gmail.com,developer,914,914
1014,Loree,Remmer,Loree.Remmer@yopmail.com,Loree.Remmer@gmail.com,police officer,915,915
1015,Dorene,Gladstone,Dorene.Gladstone@yopmail.com,Dorene.Gladstone@gmail.com,doctor,916,916
1016,Christy,Japeth,Christy.Japeth@yopmail.com,Christy.Japeth@gmail.com,worker,917,917
1017,Addia,Gherardo,Addia.Gherardo@yopmail.com,Addia.Gherardo@gmail.com,doctor,918,918
1018,Pollyanna,Chabot,Pollyanna.Chabot@yopmail.com,Pollyanna.Chabot@gmail.com,firefighter,919,919
1019,Cordi,Glenden,Cordi.Glenden@yopmail.com,Cordi.Glenden@gmail.com,firefighter,920,920
1020,Elmira,Montgomery,Elmira.Montgomery@yopmail.com,Elmira.Montgomery@gmail.com,doctor,921,921
1021,Quintina,Rubie,Quintina.Rubie@yopmail.com,Quintina.Rubie@gmail.com,developer,922,922
1022,Janenna,Ashely,Janenna.Ashely@yopmail.com,Janenna.Ashely@gmail.com,developer,923,923
1023,Ilse,Santoro,Ilse.Santoro@yopmail.com,Ilse.Santoro@gmail.com,doctor,924,924
1024,Jere,Eldrid,Jere.Eldrid@yopmail.com,Jere.Eldrid@gmail.com,developer,925,925
1025,Lila,Darrell,Lila.Darrell@yopmail.com,Lila.Darrell@gmail.com,police officer,926,926
1026,Catrina,Fontana,Catrina.Fontana@yopmail.com,Catrina.Fontana@gmail.com,developer,927,927
1027,Karlee,Sacken,Karlee.Sacken@yopmail.com,Karlee.Sacken@gmail.com,worker,928,928
1028,Carly,Bibi,Carly.Bibi@yopmail.com,Carly.Bibi@gmail.com,worker,929,929
1029,Harmonia,Cookie,Harmonia.Cookie@yopmail.com,Harmonia.Cookie@gmail.com,police officer,930,930
1030,Hollie,Neils,Hollie.Neils@yopmail.com,Hollie.Neils@gmail.com,firefighter,931,931
1031,Minda,Knowling,Minda.Knowling@yopmail.com,Minda.Knowling@gmail.com,police officer,932,932
1032,Collen,Niles,Collen.Niles@yopmail.com,Collen.Niles@gmail.com,developer,933,933
1033,Gusella,Fontana,Gusella.Fontana@yopmail.com,Gusella.Fontana@gmail.com,developer,934,934
1034,Dianemarie,Chinua,Dianemarie.Chinua@yopmail.com,Dianemarie.Chinua@gmail.com,developer,935,935
1035,Darlleen,Kermit,Darlleen.Kermit@yopmail.com,Darlleen.Kermit@gmail.com,firefighter,936,936
1036,Myrtice,Roarke,Myrtice.Roarke@yopmail.com,Myrtice.Roarke@gmail.com,worker,937,937
1037,Anthia,Matthew,Anthia.Matthew@yopmail.com,Anthia.Matthew@gmail.com,worker,938,938
1038,Lorenza,Frendel,Lorenza.Frendel@yopmail.com,Lorenza.Frendel@gmail.com,doctor,939,939
1039,Suzette,Hubert,Suzette.Hubert@yopmail.com,Suzette.Hubert@gmail.com,doctor,940,940
1040,Miquela,Hermes,Miquela.Hermes@yopmail.com,Miquela.Hermes@gmail.com,firefighter,941,941
1041,Audrie,Bohlin,Audrie.Bohlin@yopmail.com,Audrie.Bohlin@gmail.com,police officer,942,942
1042,Mady,Fadiman,Mady.Fadiman@yopmail.com,Mady.Fadiman@gmail.com,firefighter,943,943
1043,Ginnie,Wind,Ginnie.Wind@yopmail.com,Ginnie.Wind@gmail.com,firefighter,944,944
1044,Kellen,Berriman,Kellen.Berriman@yopmail.com,Kellen.Berriman@gmail.com,worker,945,945
1045,Lorenza,Wilona,Lorenza.Wilona@yopmail.com,Lorenza.Wilona@gmail.com,firefighter,946,946
1046,Jean,Florina,Jean.Florina@yopmail.com,Jean.Florina@gmail.com,firefighter,947,947
1047,Stephanie,Dominy,Stephanie.Dominy@yopmail.com,Stephanie.Dominy@gmail.com,firefighter,948,948
1048,Emylee,Ball,Emylee.Ball@yopmail.com,Emylee.Ball@gmail.com,police officer,949,949
1049,Chastity,Moina,Chastity.Moina@yopmail.com,Chastity.Moina@gmail.com,police officer,950,950
1050,Joleen,Monaco,Joleen.Monaco@yopmail.com,Joleen.Monaco@gmail.com,firefighter,951,951
1051,Flory,Braun,Flory.Braun@yopmail.com,Flory.Braun@gmail.com,police officer,952,952
1052,Starla,Clara,Starla.Clara@yopmail.com,Starla.Clara@gmail.com,doctor,953,953
1053,Binny,Truc,Binny.Truc@yopmail.com,Binny.Truc@gmail.com,worker,954,954
1054,Alyda,Tristram,Alyda.Tristram@yopmail.com,Alyda.Tristram@gmail.com,worker,955,955
1055,Emylee,Damarra,Emylee.Damarra@yopmail.com,Emylee.Damarra@gmail.com,doctor,956,956
1056,Rori,Love,Rori.Love@yopmail.com,Rori.Love@gmail.com,doctor,957,957
1057,Marika,Kussell,Marika.Kussell@yopmail.com,Marika.Kussell@gmail.com,doctor,958,958
1058,Jere,Raseda,Jere.Raseda@yopmail.com,Jere.Raseda@gmail.com,developer,959,959
1059,Tonia,Ummersen,Tonia.Ummersen@yopmail.com,Tonia.Ummersen@gmail.com,developer,960,960
1060,Fanchon,Linehan,Fanchon.Linehan@yopmail.com,Fanchon.Linehan@gmail.com,developer,961,961
1061,Willetta,Hanleigh,Willetta.Hanleigh@yopmail.com,Willetta.Hanleigh@gmail.com,developer,962,962
1062,Katleen,Roche,Katleen.Roche@yopmail.com,Katleen.Roche@gmail.com,firefighter,963,963
1063,Lila,Fairweather,Lila.Fairweather@yopmail.com,Lila.Fairweather@gmail.com,firefighter,964,964
1064,Tarra,Harriman,Tarra.Harriman@yopmail.com,Tarra.Harriman@gmail.com,worker,965,965
1065,Gilligan,Raama,Gilligan.Raama@yopmail.com,Gilligan.Raama@gmail.com,worker,966,966
1066,Lelah,Wilona,Lelah.Wilona@yopmail.com,Lelah.Wilona@gmail.com,doctor,967,967
1067,Rosaline,Buffum,Rosaline.Buffum@yopmail.com,Rosaline.Buffum@gmail.com,worker,968,968
1068,Phylis,Taima,Phylis.Taima@yopmail.com,Phylis.Taima@gmail.com,worker,969,969
1069,Kara-Lynn,Liva,Kara-Lynn.Liva@yopmail.com,Kara-Lynn.Liva@gmail.com,developer,970,970
1070,Marita,Harl,Marita.Harl@yopmail.com,Marita.Harl@gmail.com,police officer,971,971
1071,Tonia,Vary,Tonia.Vary@yopmail.com,Tonia.Vary@gmail.com,developer,972,972
1072,Rubie,Tacye,Rubie.Tacye@yopmail.com,Rubie.Tacye@gmail.com,police officer,973,973
1073,Emelina,Tamar,Emelina.Tamar@yopmail.com,Emelina.Tamar@gmail.com,worker,974,974
1074,Tomasina,Arquit,Tomasina.Arquit@yopmail.com,Tomasina.Arquit@gmail.com,worker,975,975
1075,Peri,Peti,Peri.Peti@yopmail.com,Peri.Peti@gmail.com,worker,976,976
1076,Harrietta,Moina,Harrietta.Moina@yopmail.com,Harrietta.Moina@gmail.com,doctor,977,977
1077,Lily,Croix,Lily.Croix@yopmail.com,Lily.Croix@gmail.com,firefighter,978,978
1078,Lolita,Wattenberg,Lolita.Wattenberg@yopmail.com,Lolita.Wattenberg@gmail.com,doctor,979,979
1079,Dari,Chaing,Dari.Chaing@yopmail.com,Dari.Chaing@gmail.com,worker,980,980
1080,Christal,Elisha,Christal.Elisha@yopmail.com,Christal.Elisha@gmail.com,developer,981,981
1081,Fredericka,Bobbee,Fredericka.Bobbee@yopmail.com,Fredericka.Bobbee@gmail.com,worker,982,982
1082,Kristina,Mehalek,Kristina.Mehalek@yopmail.com,Kristina.Mehalek@gmail.com,developer,983,983
1083,Aurelie,Tufts,Aurelie.Tufts@yopmail.com,Aurelie.Tufts@gmail.com,doctor,984,984
1084,Raina,Fry,Raina.Fry@yopmail.com,Raina.Fry@gmail.com,worker,985,985
1085,Gusty,Norvol,Gusty.Norvol@yopmail.com,Gusty.Norvol@gmail.com,developer,986,986
1086,Joceline,Ortrude,Joceline.Ortrude@yopmail.com,Joceline.Ortrude@gmail.com,doctor,987,987
1087,Pollyanna,Casimir,Pollyanna.Casimir@yopmail.com,Pollyanna.Casimir@gmail.com,firefighter,988,988
1088,Sheree,Buffum,Sheree.Buffum@yopmail.com,Sheree.Buffum@gmail.com,doctor,989,989
1089,Fred,Jacqui,Fred.Jacqui@yopmail.com,Fred.Jacqui@gmail.com,firefighter,990,990
1090,Nanete,Ophelia,Nanete.Ophelia@yopmail.com,Nanete.Ophelia@gmail.com,doctor,991,991
1091,Lelah,Markman,Lelah.Markman@yopmail.com,Lelah.Markman@gmail.com,worker,992,992
1092,Gusella,Poll,Gusella.Poll@yopmail.com,Gusella.Poll@gmail.com,developer,993,993
1093,Melisent,Alva,Melisent.Alva@yopmail.com,Melisent.Alva@gmail.com,worker,994,994
1094,Mureil,Bigner,Mureil.Bigner@yopmail.com,Mureil.Bigner@gmail.com,firefighter,995,995
1095,Nollie,Kazimir,Nollie.Kazimir@yopmail.com,Nollie.Kazimir@gmail.com,police officer,996,996
1096,Meg,Regan,Meg.Regan@yopmail.com,Meg.Regan@gmail.com,doctor,997,997
1097,Doro,Glovsky,Doro.Glovsky@yopmail.com,Doro.Glovsky@gmail.com,firefighter,998,998
1098,Kathi,Charity,Kathi.Charity@yopmail.com,Kathi.Charity@gmail.com,firefighter,999,999
1099,Noelle,LaRue,Noelle.LaRue@yopmail.com,Noelle.LaRue@gmail.com,developer,1000,1000